product_id;group_id;product_name;product_price
1847;17;Ativa-D5772-2-Line-5.8GHz-Digital-Expandable-Corded-Cordless-Phone-System-with-Answering-&-Caller-ID-Call-Waiting-Black-Silver;164.99
1759;17;I-Needs-3d-Hello-Kitty-Hybrid-Silicone-Case-Cover-for-HTC-One-X-4g-with-3d-Hello-Kitty-Stylus-Pen-Green-pink;11.96
1829;17;Panasonic-KX-TG9541B-DECT-6.0-Digital-2-Line-Expandable-Cordless-Phone-With-Digital-Answering-System;149.99
1745;17;iKross-Bluetooth-Portable-Keyboard-+-Cell-Phone-Stand-Holder-+-Brush-for-Apple-iPhone-5S-5C-5-4S-4;20.95
413;5;Holmes-Cool-Mist-Humidifier-for-the-Whole-House-with-8-Gallon-Output-per-Day-Extended-Life-Filter;19.9
1857;17;LF-Elite-3D-Dazzle-Designer-Hard-Case-Cover-Lf-Stylus-Pen-and-Wiper-For-Apple-Iphone-5c-Mini-Lite;10.9
968;10;Avery-05222-Permanent-Self-Adhesive-File-Folder-Labels-for-Typewriters-on-Rolls-White-250-Roll;4.13
1058;11;White-Dual-Perf-Computer-Printout-Paper-2700-Sheets-1-Part-Heavyweight-20-lbs.-14-7-8-x-11;55.48
1853;17;KLD-Oscar-II-Style-Snap-on-Ultra-Thin-Side-Flip-Synthetic-Leather-Cover-Case-for-HTC-One-HTC-M7;9.72
477;5;Holmes-Visible-Mist-Ultrasonic-Humidifier-with-2.3-Gallon-Output-per-Day-Replacement-Filter;11.32
1151;11;Adams-Telephone-Message-Book-W-Dividers-Space-For-Phone-Numbers-5-1-4X8-1-2-300-Messages;5.88
1189;11;Adams-Telephone-Message-Book-W-Dividers-Space-For-Phone-Numbers-5-1-4X8-1-2-200-Messages;48.94
79;2;Office-Star---Professional-Matrix-Back-Chair-with-2-to-1-Synchro-Tilt-and-Mesh-Fabric-Seat;350.98
137;2;Office-Star---Mid-Back-Dual-function-Ergonomic-High-Back-Chair-with-2-Way-Adjustable-Arms;144.88
1129;11;1-4-Fold-Party-Design-Invitations-&-White-Envelopes-24-8-1-2-X-11-Cards-25-Env.-Pack;7.35
288;3;Tenex-Contemporary-Contur-Chairmats-for-Low-and-Medium-Pile-Carpet-Computer-39-x-49;107.53
1304;11;Rediform-S.O.S.-1-Up-Phone-Message-Bk-4-1-4x3-1-16-Bk-1-Form-Pg-40-Messages-Bk-3-Pk;9.38
392;5;Sanyo-Counter-Height-Refrigerator-with-Crisper-3.6-Cubic-Foot-Stainless-Steel-Black;328.14
451;5;Fellowes-8-Outlet-Superior-Workstation-Surge-Protector-w-o-Phone-Fax-Modem-Protection;33.62
1271;11;Adams-Telephone-Message-Book-w-Frequently-Called-Numbers-Space-400-Messages-per-Book;7.98
223;3;Rubbermaid-ClusterMat-Chairmats-Mat-Size--66-x-60-Lip-20-x-11--90-Degree-Angle;110.98
1672;16;Hewlett-Packard-Deskjet-F4180-All-in-One-Color-Ink-jet---Printer---copier---scanner;51
1677;16;Canon-Color-ImageCLASS-MF8580Cdw-Wireless-Laser-All-In-One-Printer-Copier-Scanner;335.99
421;5;Commercial-WindTunnel-Clean-Air-Upright-Vacuum-Replacement-Belts-Filtration-Bags;3.89
473;5;Conquest-14-Commercial-Heavy-Duty-Upright-Vacuum-Collection-System-Accessory-Kit;56.96
870;8;White-Business-Envelopes-with-Contemporary-Seam-Recycled-White-Business-Envelopes;10.94
1270;11;Eaton-Premium-Continuous-Feed-Paper-25%-Cotton-Letter-Size-White-1000-Shts-Box;55.48
75;2;Office-Star---Contemporary-Swivel-Chair-with-Padded-Adjustable-Arms-and-Flex-Back;140.98
1004;10;Avery-4027-File-Folder-Labels-for-Dot-Matrix-Printers-5000-Labels-per-Box-White;30.53
1449;13;Acme-Hot-Forged-Carbon-Steel-Scissors-with-Nickel-Plated-Handles-3-7-8-Cut-8L;13.9
1474;13;Acme-Design-Line-8-Stainless-Steel-Bent-Scissors-w-Champagne-Handles-3-1-8-Cut;6.84
335;4;SAFCO-PlanMaster-Heigh-Adjustable-Drafting-Table-Base-43w-x-30d-x-30-37h-Black;349.45
469;5;Hoover-Replacement-Belts-For-Soft-Guard-&-Commercial-Ltweight-Upright-Vacs-2-Pk;3.95
996;10;Permanent-Self-Adhesive-File-Folder-Labels-for-Typewriters-1-1-8-x-3-1-2-White;6.3
1715;17;Seidio-BD2-HK3IPH5-BK-DILEX-Case-and-Holster-Combo-for-Apple-iPhone-5-5s---Black;24.81
102;2;Global-Leather-Highback-Executive-Chair-with-Pneumatic-Height-Adjustment-Black;180.88
460;5;Bravo-II-Megaboss-12-Amp-Hard-Body-Upright-Replacement-Belts-2-Belts-per-Pack;3.25
900;8;Inter-Office-Recycled-Envelopes-Brown-Kraft-Button-String10-x-13--100-Box;21.98
336;4;Lesro-Sheffield-Collection-Coffee-Table-End-Table-Center-Table-Corner-Table;71.37
84;2;Office-Star---Contemporary-Task-Swivel-chair-with-2-way-adjustable-arms-Plum;104.78
146;3;GE-General-Purpose-Extra-Long-Life-Showcase-&-Floodlight-Incandescent-Bulbs;2.91
682;7;Acco-Flexible-ACCOHIDE-Square-Ring-Data-Binder-Dark-Blue-11-1-2-X-14-7-8;16.27
1312;12;Recycled-Data-Pak-for-Archival-Bound-Computer-Printouts-12-1-2-x-12-1-2-x-16;98.79
373;4;Riverside-Furniture-Oval-Coffee-Table-Oval-End-Table-End-Table-with-Drawer;286.85
431;5;Holmes-Replacement-Filter-for-HEPA-Air-Cleaner-Very-Large-Room-HEPA-Filter;68.81
440;5;Fellowes-Premier-Superior-Surge-Suppressor-10-Outlet-With-Phone-and-Remote;48.92
620;6;Binney-&-Smith-inkTank-Erasable-Desk-Highlighter-Chisel-Tip-Yellow-12-Box;2.52
1057;11;Message-Book-Standard-Line-While-You-Were-Out-5-1-2-X-4-200-Sets-Book;8.56
1175;11;RSVP-Cards-&-Envelopes-Blank-White-8-1-2-X-11-24-Cards-25-Envelopes-Set;6.48
42;1;Bush-Heritage-Pine-Collection-5-Shelf-Bookcase-Albany-Pine-Finish-Special;119.83
45;1;Safco-Value-Mate-Series-Steel-Bookcases-Baked-Enamel-Finish-on-Steel-Gray;70.98
217;3;Tenex-Carpeted-Granite-Look-or-Clear-Contemporary-Contour-Shape-Chair-Mats;70.71
271;3;Tenex-Traditional-Chairmats-for-Medium-Pile-Carpet-Standard-Lip-36-x-48;60.65
461;5;Kensington-7-Outlet-MasterPiece-Power-Center-with-Fax-Phone-Line-Protection;207.48
788;7;Fellowes-PB500-Electric-Punch-Plastic-Comb-Binding-Machine-with-Manual-Bind;1270.99
1132;11;Ampad-Poly-Cover-Wirebound-Steno-Book-6-x-9-Assorted-Colors-Gregg-Ruled;4.54
1143;11;Wirebound-Message-Books-Four-2-3-4-x-5-Forms-per-Page-600-Sets-per-Book;9.27
151;3;Deflect-o-DuraMat-Antistatic-Studded-Beveled-Mat-for-Medium-Pile-Carpeting;105.34
323;3;C-Line-Cubicle-Keepers-Polyproplyene-Holder-w-Velcro-Back-8-1-2x11-25-Bx;54.74
448;5;Hoover-Replacement-Belt-for-Commercial-Guardsman-Heavy-Duty-Upright-Vacuum;2.22
481;5;Hoover-Commercial-Soft-Guard-Upright-Vacuum-And-Disposable-Filtration-Bags;7.77
1080;11;Adams-Phone-Message-Book-Professional-400-Message-Capacity-5-3-6”-x-11”;17.52
1350;12;Office-Impressions-Heavy-Duty-Welded-Shelving-&-Multimedia-Storage-Drawers;167.27
285;3;DAX-Executive-Solid-Wood-Document-Frame-Desktop-or-Hang-Mahogany-5-x-7;12.58
287;3;Deflect-o-DuraMat-Lighweight-Studded-Beveled-Mat-for-Low-Pile-Carpeting;42.65
407;5;Belkin-8-Outlet-SurgeMaster-II-Gold-Surge-Protector-with-Phone-Protection;80.98
433;5;Acco-Smartsocket-Color-Coded-Six-Outlet-AC-Adapter-Model-Surge-Protectors;44.01
443;5;Acco-7-Outlet-Masterpiece-Power-Center-Wihtout-Fax-Phone-Line-Protection;121.58
633;6;Boston-1827-Commercial-Additional-Cutter-Drive-Gear-&-Gear-Rack-for-1606;19.83
1090;11;Wirebound-Message-Books-Four-2-3-4-x-5-Forms-per-Page-200-Sets-per-Book;4.77
1098;11;Snap-A-Way-Black-Print-Carbonless-Speed-Message-No-Reply-Area-Duplicate;23.31
1770;17;RCA-H5401RE1-DECT-6.0-4-Line-Cordless-Handset-With-Caller-ID-Call-Waiting;619.99
1793;17;Anker-36W-4-Port-USB-Wall-Charger-Travel-Power-Adapter-for-iPhone-5s-5c-5;19.99
9;1;Bush-Westfield-Collection-Bookcases-Dark-Cherry-Finish-Fully-Assembled;30.29
202;3;Eldon-Expressions-Punched-Metal-&-Wood-Desk-Accessories-Pewter-&-Cherry;10.64
240;3;DAX-Contemporary-Wood-Frame-with-Silver-Metal-Mat-Desktop-11-x-14-Size;20.24
424;5;Black-&-Decker-Filter-for-Double-Action-Dustbuster-Cordless-Vac-BLDV7210;8.39
1040;11;Message-Book-Wirebound-Four-5-1-2-X-4-Forms-Pg.-200-Dupl.-Sets-Book;10.28
1081;11;TOPS-Carbonless-Receipt-Book-Four-2-3-4-x-7-1-4-Money-Receipts-per-Page;17.52
1410;12;Advantus-10-Drawer-Portable-Organizer-Chrome-Metal-Frame-Smoke-Drawers;59.76
1416;12;Tennsco-Snap-Together-Open-Shelving-Units-Starter-Sets-and-Add-On-Units;279.48
153;3;Tenex-V2T-RE-Standard-Weight-Series-Chair-Mat-45-x-53-Lip-25-x-12;70.98
279;3;Eldon-Expressions-Punched-Metal-&-Wood-Desk-Accessories-Black-&-Cherry;9.38
466;5;Sanitaire-Vibra-Groomer-IR-Commercial-Upright-Vacuum-Replacement-Belts;2.6
706;7;Acco-Pressboard-Covers-with-Storage-Hooks-14-7-8-x-11-Executive-Red;3.81
773;7;Premium-Transparent-Presentation-Covers-No-Pattern-Clear-8-1-2-x-11;38.78
971;10;Permanent-Self-Adhesive-File-Folder-Labels-for-Typewriters-by-Universal;2.61
1092;11;TOPS-Important-Message-Pads-Canary-4-1-4-x-5-1-2-50-Sheets-per-Pad;4.28
372;4;Barricks-18-x-48-Non-Folding-Utility-Table-with-Bottom-Storage-Shelf;80.64
389;5;Honeywell-Enviracaire-Portable-HEPA-Air-Cleaner-for-up-to-10-x-16-Room;123.38
553;6;Premium-Writing-Pencils-Soft-#2-by-Central-Association-for-the-Blind;2.98
624;6;Binney-&-Smith-inkTank-Erasable-Pocket-Highlighter-Chisel-Tip-Yellow;2.28
671;7;Acco-Pressboard-Covers-with-Storage-Hooks-9-1-2-x-11-Executive-Red;3.81
677;7;Acco-PRESSTEX-Data-Binder-with-Storage-Hooks-Light-Blue-9-1-2-X-11;5.38
688;7;Acco-PRESSTEX-Data-Binder-with-Storage-Hooks-Dark-Blue-14-7-8-X-11;5.38
908;8;Recycled-Interoffice-Envelopes-with-String-and-Button-Closure-10-x-13;23.99
1505;14;Anker-Ultrathin-Bluetooth-Wireless-Keyboard-Aluminum-Cover-with-Stand-;29.99
1718;17;Cush-Cases-Heavy-Duty-Rugged-Cover-Case-for-Samsung-Galaxy-S5---Purple;4.95
105;2;Office-Star---Contemporary-Task-Swivel-chair-with-Loop-Arms-Charcoal;130.98
329;4;Hon-Practical-Foundations-30-x-60-Training-Table-Light-Gray-Charcoal;227.55
437;5;Acco-Smartsocket-Table-Surge-Protector-6-Color-Coded-Adapter-Outlets;62.05
464;5;Fellowes-Advanced-8-Outlet-Surge-Suppressor-with-Phone-Fax-Protection;27.76
530;6;Sanford-Prismacolor-Professional-Thick-Lead-Art-Pencils-36-Color-Set;29.95
694;7;Acco-PRESSTEX-Data-Binder-with-Storage-Hooks-Dark-Blue-9-1-2-X-11;5.38
712;7;Acco-Data-Flex-Cable-Posts-For-Top-&-Bottom-Load-Binders-6-Capacity;10.43
1346;12;Eldon-ProFile-File-N-Store-Portable-File-Tub-Letter-Legal-Size-Black;19.31
1515;14;Imation 32GB-Pocket-Pro-USB-3.0 Flash-Drive --32-GB---Black---1-P-...;29.95
1522;14;Logitech-G430-Surround-Sound-Gaming-Headset-with-Dolby-7.1-Technology;79.99
1675;16;Canon-imageCLASS-MF7460-Monochrome-Digital-Laser-Multifunction-Copier;1995.99
1839;17;Blue-Parrot-B250XT-Professional-Grade-Wireless-Bluetooth Headset with;59.99
38;1;Safco-Value-Mate-Steel-Bookcase-Baked-Enamel-Finish-on-Steel-Black;60.33
384;5;Tripp-Lite-Isotel-6-Outlet-Surge-Protector-with-Fax-Modem-Protection;60.97
420;5;Hoover-Commercial-Lightweight-Upright-Vacuum-with-E-Z-Empty-Dirt-Cup;232.58
655;7;Wilson-Jones-Clip-&-Carry-Folder-Binder-Tool-for-Ring-Binders-Clear;5.8
800;7;Acco-Pressboard-Covers-with-Storage-Hooks-14-7-8-x-11-Light-Blue;4.91
988;10;Smead-Alpha-Z-Color-Coded-Second-Alphabetical-Labels-and-Starter-Set;3.08
1060;11;REDIFORM-Incoming-Outgoing-Call-Register-11-X-8-1-2-100-Messages;8.34
1210;11;Ampad-Phone-Message-Book-Recycled-400-Message-Capacity-5-?”-x-11”;6.24
1375;12;Gould-Plastics-9-Pocket-Panel-Bin-18-3-8w-x-5-1-4d-x-20-1-2h-Black;52.99
1775;17;Lunatik-TT5L-002-Taktik-Strike-Impact-Protection-System-for-iPhone-5;48.98
1788;17;QVS-USB-Car-Charger-2-Port-2.1Amp-for-iPod-iPhone-iPad-iPad-2-iPad-3;6.95
238;3;Tenex-Traditional-Chairmats-for-Hard-Floors-Average-Lip-36-x-48;64.45
501;6;Binney-&-Smith-inkTank-Desk-Highlighter-Chisel-Tip-Yellow-12-Box;2.15
568;6;Hunt-BOSTON-Model-1606-High-Volume-Electric-Pencil-Sharpener-Beige;139.13
722;7;Acco-Pressboard-Covers-with-Storage-Hooks-14-7-8-x-11-Dark-Blue;3.05
1186;11;Universal-Ultra-Bright-White-Copier-Laser-Paper-8-1-2-x-11-Ream;5.18
1192;11;Xerox-4200-Series-MultiUse-Premium-Copy-Paper-(20Lb.-and-84-Bright);5.28
1220;11;Standard-Line-“While-You-Were-Out”-Hardbound-Telephone-Message-Book;21.98
1289;11;Adams-Write-n-Stick-Phone-Message-Book-11-X-5-1-4-200-Messages;5.68
1386;12;Safco-Wire-Cube-Shelving-System-For-Use-as-4-or-5-14-Cubes-Black;31.78
1849;17;Sannysis-Cute-Owl-Design-Soft-Skin-Case-Cover-for-Samsung-Galaxy-S4;1.98
18;1;Bush-Saratoga-Collection-5-Shelf-Bookcase-Hanover-Cherry-Special;119.83
161;3;Luxo-Professional-Fluorescent-Magnifier-Lamp-with-Clamp-Mount-Base;209.84
212;3;Executive-Impressions-14-Contract-Wall-Clock-with-Quartz-Movement;17.78
245;3;GE-48-Fluorescent-Tube-Cool-White-Energy-Saver-34-Watts-30-Box;99.23
449;5;Honeywell-Enviracaire-Portable-HEPA-Air-Cleaner-for-17-x-22-Room;300.65
452;5;Honeywell-Enviracaire-Portable-HEPA-Air-Cleaner-for-16-x-20-Room;275.37
593;6;Avery-Hi-Liter-EverBold-Pen-Style-Fluorescent-Highlighters-4-Pack;8.14
770;7;Newell-3-Hole-Punched-Plastic-Slotted-Magazine-Holders-for-Binders;4.57
901;8;Recycled-Interoffice-Envelopes-with-Re-Use-A-Seal-Closure-10-x-13;13.66
1230;11;Wirebound-Message-Forms-Four-2-3-4-x-5-Forms-per-Page-Pink-Paper;8.17
1573;14;Plantronics-CS510---Over-the-Head-monaural-Wireless-Headset-System;329.95
62;2;Office-Star---Ergonomic-Mid-Back-Chair-with-2-Way-Adjustable-Arms;180.98
190;3;Tenex-46-x-60-Computer-Anti-Static-Chairmat-Rectangular-Shaped;105.98
195;3;Executive-Impressions-8-1-2-Career-Panel-Partition-Cubicle-Clock;10.4
267;3;Deflect-o-RollaMat-Studded-Beveled-Mat-for-Medium-Pile-Carpeting;92.23
339;4;Barricks-Non-Folding-Utility-Table-with-Steel-Legs-Laminate-Tops;68.23
361;4;Chromcraft-Bull-Nose-Wood-48-x-96-Rectangular-Conference-Tables;550.98
376;4;BoxOffice-By-Design-Rectangular-and-Half-Moon-Meeting-Room-Tables;120.31
393;5;Belkin-7-Outlet-SurgeMaster-Surge-Protector-with-Phone-Protection;31.58
699;7;Universal-Recycled-Hanging-Pressboard-Report-Binders-Letter-Size;6.17
834;7;C-Line-Peel-&-Stick-Add-On-Filing-Pockets-8-3-4-x-5-1-8-10-Pack;6.37
1298;11;Telephone-Message-Books-with-Fax-Mobile-Section-5-1-2-x-3-3-16;6.35
1329;12;SimpliFile-Personal-File-Black-Granite-15w-x-6-15-16d-x-11-1-4h;11.35
1490;14;Imation Secure Drive +-Hardware-Encrypted-USB flash-drive --16-GB;37.99
1563;14;Logitech VX-Revolution-Cordless-Laser-Mouse-for-Notebooks-(Black);179.99
29;1;Sauder-Camden-County-Collection-Libraries-Planked-Cherry-Finish;114.98
91;2;Hon-4700-Series-Mobuis-Mid-Back-Task-Chairs-with-Adjustable-Arms;355.98
189;3;Eldon-Expressions-Wood-and-Plastic-Desk-Accessories-Cherry-Wood;6.98
205;3;C-Line-Cubicle-Keepers-Polyproplyene-Holder-With-Velcro-Backings;4.73
375;4;Bretford-“Just-In-Time”-Height-Adjustable-Multi-Task-Work-Tables;417.4
428;5;Eureka-Disposable-Bags-for-Sanitaire-Vibra-Groomer-I-Upright-Vac;0.81
471;5;Honeywell-Enviracaire-Portable-Air-Cleaner-for-up-to-8-x-10-Room;69.05
723;7;Wilson-Jones-Heavy-Duty-Casebound-Ring-Binders-with-Metal-Hinges;34.64
739;7;Wilson-Jones-Elliptical-Ring-3-1-2-Capacity-Binders-800-sheets;42.8
1066;11;Snap-A-Way-Black-Print-Carbonless-Ruled-Speed-Letter-Triplicate;37.94
1082;11;Post-it-“Important-Message”-Note-Pad-Neon-Colors-50-Sheets-Pad;7.28
1202;11;Weyerhaeuser-First-Choice-Laser-Copy-Paper-(20Lb.-and-88-Bright);6.48
1268;11;Universal-Premium-White-Copier-Laser-Paper-(20Lb.-and-87-Bright);5.98
1324;12;Multi-Use-Personal-File-Cart-and-Caster-Set-Three-Stacking-Bins;34.76
1402;12;Tennsco-Stur-D-Stor-Boltless-Shelving-5-Shelves-24-Deep-Sand;135.31
1520;14;Imation USB-2.0-Swivel Flash-Drive USB flash-drive --4-GB---Pink;3.03
1626;14;Kensington-SlimBlade-Notebook-Wireless-Mouse-with-Nano-Receiver-;49.99
1667;16;HP-Officejet-Pro-8600-e-All-In-One-Printer-Copier-Scanner-Fax;119.99
165;3;Deflect-o-EconoMat-Studded-No-Bevel-Mat-for-Low-Pile-Carpeting;41.32
330;4;Chromcraft-Bull-Nose-Wood-Round-Conference-Table-Top-Wood-Base;217.85
403;5;Kensington-7-Outlet-MasterPiece-HOMEOFFICE-Power-Control-Center;131.12
415;5;Kensington-6-Outlet-MasterPiece-HOMEOFFICE-Power-Control-Center;90.24
430;5;Eureka-Sanitaire--Multi-Pro-Heavy-Duty-Upright-Disposable-Bags;4.37
482;5;3M-Replacement-Filter-for-Office-Air-Cleaner-for-20-x-33-Room;37.92
517;6;Avery-Hi-Liter-Comfort-Grip-Fluorescent-Highlighter-Yellow-Ink;2.88
1024;10;Self-Adhesive-Address-Labels-for-Typewriters-with-Dispenser-Box;2.95
1124;11;Recycled-Desk-Saver-Line-While-You-Were-Out-Book-5-1-2-X-4;8.95
1206;11;Wirebound-Message-Books-5-1-2-x-4-Forms-2-or-4-Forms-per-Page;6.69
1367;12;Perma-STOR-ALL-Hanging-File-Box-13-1-8W-x-12-1-4D-x-10-1-2H;5.98
1442;12;Tenex-Personal-Filing-Tote-With-Secure-Closure-Lid-Black-Frost;20.98
1486;14;Verbatim-25-GB-6x-Blu-ray-Single-Layer-Recordable-Disc-25-Pack;22.99
1493;14;Logitech-G500s-Laser-Gaming-Mouse-with-Adjustable-Weight-Tuning;69.99
1591;14;Verbatim-25-GB-6x-Blu-ray-Single-Layer-Recordable-Disc-10-Pack;11.59
2;1;Sauder-Camden-County-Barrister-Bookcase-Planked-Cherry-Finish;120.98
129;2;Office-Star-Flex-Back-Scooter-Chair-with-Aluminum-Finish-Frame;100.89
244;3;Eldon-ClusterMat-Chair-Mat-with-Cordless-Antistatic-Protection;90.98
317;3;Howard-Miller-13-3-4-Diameter-Brushed-Chrome-Round-Wall-Clock;51.75
664;7;Pressboard-Covers-with-Storage-Hooks-9-1-2-x-11-Light-Blue;4.91
799;7;Acco-Four-Pocket-Poly-Ring-Binder-with-Label-Holder-Smoke-1;5.96
984;10;Smead-Alpha-Z-Color-Coded-Name-Labels-First-Letter-Starter-Set;3.75
1258;11;Message-Book-Phone-Wirebound-Standard-Line-Memo-2-3-4-X-5;6.55
1387;12;Sauder-Facets-Collection-Locker-File-Cabinet-Sky-Alder-Finish;370.98
1431;12;Stur-D-Stor-Shelving-Vertical-5-Shelf:-72H-x-36W-x-18-1-2D;110.98
1564;14;Logitech Wireless-Boombox-Speaker---portable---wireless-wired;106.4
1568;14;Verbatim-25-GB-6x-Blu-ray-Single-Layer-Recordable-Disc-1-Pack;5.96
1615;14;Verbatim-25-GB-6x-Blu-ray-Single-Layer-Recordable-Disc-3-Pack;6.99
1716;17;Plantronics-Cordless Phone-Headset with-In-line-Volume---M214C;34.95
50;1;Riverside-Palais-Royal-Lawyers-Bookcase-Royale-Cherry-Finish;880.98
54;2;Global-Enterprise-Series-Seating-High-Back-Swivel-Tilt-Chairs;216.78
179;3;Advantus-Employee-of-the-Month-Certificate-Frame-11-x-13-1-2;30.93
192;3;Deflect-o-SuperTray-Unbreakable-Stackable-Tray-Letter-Black;29.18
621;6;BOSTON-Model-1800-Electric-Pencil-Sharpeners-Putty-Woodgrain;17.98
1033;11;TOPS-4-x-6-Fluorescent-Color-Memo-Sheets-500-Sheets-per-Pack;9.49
1204;11;Adams-Phone-Message-Book-200-Message-Capacity-8-1-16”-x-11”;6.88
1537;14;Logitech LS21-Speaker-System---PC-Multimedia---2.1-CH---Wired;19.99
1642;16;Hewlett-Packard-Deskjet-3050a-All-in-One-Color-Inkjet-Printer;380
47;1;OSullivan-Cherrywood-Estates-Traditional-Barrister-Bookcase;137.48
82;2;SAFCO-Optional-Arm-Kit-for-Workspace-Cribbage-Stacking-Chair;26.64
89;2;Global-Enterprise-Series-Seating-Low-Back-Swivel-Tilt-Chairs;207.18
198;3;Eldon-Expressions-Desk-Accessory-Wood-Photo-Frame-Mahogany;19.04
474;5;Kensington-4-Outlet-MasterPiece-Compact-Power-Control-Center;81.32
598;6;Boston-Electric-Pencil-Sharpener-Model-1818-Charcoal-Black;28.15
613;6;Avery-Hi-Liter-GlideStik-Fluorescent-Highlighter-Yellow-Ink;3.26
636;6;Binney-&-Smith-Crayola-Metallic-Colored-Pencils-8-Color-Set;4.63
658;7;Acco-Recycled-2-Capacity-Laser-Printer-Hanging-Data-Binders;11.56
743;7;Square-Ring-Data-Binders-Rigid-75-Pt.-Covers-11-x-14-7-8;20.64
747;7;Wilson-Jones-“Snap”-Scratch-Pad-Binder-Tool-for-Ring-Binders;5.8
759;7;Avery-Trapezoid-Ring-Binder-3-Capacity-Black-1040-sheets;32.78
1027;11;Telephone-Message-Books-with-Fax-Mobile-Section-4-1-4-x-6;3.6
1076;11;Wirebound-Message-Books-Four-2-3-4-x-5-White-Forms-per-Page;6.69
1199;11;Ampad-Gold-Fibre-Wirebound-Steno-Books-6-x-9-Gregg-Ruled;4.41
1314;12;Fellowes-Bankers-Box-Staxonsteel-Drawer-File-Stacking-System;64.98
1428;12;Letter-Legal-File-Tote-with-Clear-Snap-On-Lid-Black-Granite;16.06
1481;13;Acme-Galleria-Hot-Forged-Steel-Scissors-with-Colored-Handles;15.73
1616;14;-Imation Secure+-Hardware-Encrypted-USB-2.0 Flash-Drive;-16.00
1874;17;Dexim-XPower-Skin-Super-Thin-Power-Case-for-iPhone-5---Black;58.49
15;1;Sauder-Forest-Hills-Library-with-Doors-Woodland-Oak-Finish;136.83
57;2;Hon-Deluxe-Fabric-Upholstered-Stacking-Chairs-Rounded-Back;243.98
97;2;Hon-Deluxe-Fabric-Upholstered-Stacking-Chairs-Squared-Back;195.18
236;3;Electrix-20W-Halogen-Replacement-Bulb-for-Zoom-In-Desk-Lamp;13.4
479;5;Holmes-Replacement-Filter-for-HEPA-Air-Cleaner-Medium-Room;11.33
602;6;Panasonic-KP-350BK-Electric-Pencil-Sharpener-with-Auto-Stop;34.58
721;7;Wilson-Jones-14-Line-Acrylic-Coated-Pressboard-Data-Binders;5.34
779;7;Wilson-Jones-Leather-Like-Binders-with-DublLock-Round-Rings;8.73
826;7;GBC-Pre-Punched-Binding-Paper-Plastic-White-8-1-2-x-11;15.99
1265;11;While-You-Were-Out-Pads-50-per-Pad-4-x-5-1-4-Green-Cycle;4.73
1494;14;Kensington-Expert-Mouse-Optical-USB-Trackball-for-PC-or-Mac;94.99
1603;14;Razer-Kraken-7.1-Surround-Sound-Over-Ear-USB-Gaming-Headset;99.99
1661;16;Cisco-Desktop-Collaboration-Experience-DX650-IP-Video-Phone;77.16
1669;16;Epson-TM-T88V-Direct-Thermal-Printer---Monochrome---Desktop;186.57
1795;17;Plantronics-Calisto-P620-M-USB-Wireless-Speakerphone-System;195.99
122;2;Hon-4070-Series-Pagoda-Armless-Upholstered-Stacking-Chairs;291.73
152;3;Eldon-Antistatic-Chair-Mats-for-Low-to-Medium-Pile-Carpets;105.29
201;3;Floodlight-Indoor-Halogen-Bulbs-1-Bulb-per-Pack-60-Watts;19.4
227;3;DAX-Two-Tone-Rosewood-Black-Document-Frame-Desktop-5-x-7;9.48
282;3;Eldon-Executive-Woodline-II-Cherry-Finish-Desk-Accessories;16.36
455;5;Holmes-Replacement-Filter-for-HEPA-Air-Cleaner-Large-Room;14.81
496;6;Hunt-BOSTON-Vista-Battery-Operated-Pencil-Sharpener-Black;11.66
538;6;Boston-Home-&-Office-Model-2000-Electric-Pencil-Sharpeners;23.65
652;7;Avery-Non-Stick-Heavy-Duty-View-Round-Locking-Ring-Binders;5.98
687;7;GBC-Clear-Cover-8-1-2-x-11-unpunched-25-covers-per-pack;15.16
705;7;GBC-Premium-Transparent-Covers-with-Diagonal-Lined-Pattern;16.78
754;7;Avery-Framed-View-Binder-EZD-Ring-(Locking)-Navy-1-1-2;9.98
758;7;Recycled-Pressboard-Report-Cover-with-Reinforced-Top-Hinge;3.23
845;7;Avery-Binding-System-Hidden-Tab-Executive-Style-Index-Sets;17.3
868;8;Manila-Recycled-Extra-Heavyweight-Clasp-Envelopes-6-x-9;10.98
1112;11;Computer-Printout-Paper-with-Letter-Trim-Fine-Perforations;47.9
1135;11;Great-White-Multi-Use-Recycled-Paper-(20Lb.-and-84-Bright);5.98
1166;11;Ink-Jet-Note-and-Greeting-Cards-8-1-2-x-5-1-2-Card-Size;22.48
1180;11;Wirebound-Four-2-3-4-x-5-Forms-per-Page-400-Sets-per-Book;6.45
1337;12;Carina-Double-Wide-Media-Storage-Towers-in-Natural-&-Black;80.98
1356;12;Tenex-Personal-Self-Stacking-Standard-File-Box-Black-Gray;16.91
1369;12;Gould-Plastics-18-Pocket-Panel-Bin-34w-x-5-1-4d-x-20-1-2h;91.99
1373;12;Tenex-Personal-Project-File-with-Scoop-Front-Design-Black;13.48
1532;14;Razer-Tiamat-Over-Ear-7.1-Surround-Sound-PC-Gaming-Headset;199.99
1542;14;Plantronics-Savi-W720-Multi-Device-Wireless-Headset-System;421.95
1643;16;Epson-WorkForce-WF-2530-All-in-One-Printer-Copier-Scanner;69.99
1653;16;Brother-MFC-9340CDW-LED-All-In-One-Printer-Copier-Scanner;114
1766;17;Panasonic-KX-TG6844B-Expandable-Digital-Cordless-Telephone;65.99
1892;17;SKILCRAFT-Telephone-Shoulder-Rest-2-x-6.5-x-2.5-Black;7.39
49;1;Bush-Westfield-Collection-Bookcases-Medium-Cherry-Finish;57.98
106;2;Hon-2090-“Pillow-Soft”-Series-Mid-Back-Swivel-Tilt-Chairs;224.78
221;3;Howard-Miller-13-Diameter-Pewter-Finish-Round-Wall-Clock;42.94
254;3;Eldon-Expressions-Desk-Accessory-Wood-Pencil-Holder-Oak;9.65
284;3;Eldon-Advantage-Chair-Mats-for-Low-to-Medium-Pile-Carpets;43.31
509;6;Dixon-Ticonderoga-Core-Lock-Colored-Pencils-48-Color-Set;36.55
547;6;Boston-1645-Deluxe-Heavier-Duty-Electric-Pencil-Sharpener;43.98
650;7;GBC-Prepunched-Paper-19-Hole-for-Binding-Systems-24-lb;15.01
795;7;GBC-Standard-Recycled-Report-Covers-Clear-Plastic-Sheets;10.78
912;8;Letter-or-Legal-Size-Expandable-Poly-String-Tie-Envelopes;2.66
960;10;Self-Adhesive-Address-Labels-for-Typewriters-by-Universal;7.31
1086;11;Black-Print-Carbonless-Snap-Off-Rapid-Letter-8-1-2-x-7;9.11
1336;12;Fellowes-Strictly-Business-Drawer-File-Letter-Legal-Size;140.85
1406;12;Eldon-Mobile-Mega-Data-Cart--Mega-Stackable--Add-On-Trays;23.65
1407;12;Fellowes-Bases-and-Tops-For-Staxonsteel-High-Stak-Systems;33.29
1536;14;Kensington-Orbit-Wireless-Mobile-Trackball-for-PC-and-Mac;59.99
1592;14;Logitech-910-002974-M325-Wireless-Mouse-for-Web-Scrolling;29.99
1621;14;Logitech-Illuminated-Ultrathin-Keyboard-with-Backlighting;56.99
1658;16;HP-Designjet-T520-Inkjet-Large-Format-Printer---24-Color;1749.99
1671;16;Fellowes-Powershred-HS-440-4-Sheet-High-Security-Shredder;154.99
1711;17;Cyber-Acoustics-AC-202b-Speech-Recognition-Stereo-Headset;12.99
1827;17;Logitech-B530-USB Headset - headset --Full-size-Binaural;36.99
273;3;Eldon-Expressions-Wood-and-Plastic-Desk-Accessories-Oak;9.98
308;3;GE-General-Use-Halogen-Bulbs-100-Watts-1-Bulb-per-Pack;20.94
310;3;Eldon-Advantage-Foldable-Chair-Mats-for-Low-Pile-Carpets;54.2
327;4;Chromcraft-Bull-Nose-Wood-Oval-Conference-Tables-&-Bases;550.98
354;4;Bush-Andora-Conference-Table-Maple-Graphite-Gray-Finish;136.78
419;5;Belkin-Premiere-Surge-Master-II-8-outlet-surge-protector;48.58
435;5;Eureka-The-Boss-Plus-12-Amp-Hard-Box-Upright-Vacuum-Red;104.65
442;5;Belkin-8-Outlet-Premiere-SurgeMaster-II-Surge-Protectors;69.48
512;6;Sanford-Uni-Blazer-View-Highlighters-Chisel-Tip-Yellow;2.2
550;6;Stanley-Bostitch-Contemporary-Electric-Pencil-Sharpeners;16.98
614;6;Stride-Job-150-Highlighters-Chisel-Tip-Assorted-Colors;5.98
681;7;GBC-Laser-Imprintable-Binding-System-Covers-Desert-Sand;14.27
756;7;Avery-Premier-Heavy-Duty-Binder-with-Round-Locking-Rings;14.28
837;7;Wilson-Jones-data.warehouse-D-Ring-Binders-with-DublLock;6.58
1155;11;Rediform-Wirebound-Phone-Memo-Message-Book-11-x-5-3-4;7.64
1453;13;Kleencut-Forged-Office-Shears-by-Acme-United-Corporation;2.08
1525;14;Memorex-25GB-6X-Branded-Blu-Ray-Recordable-Disc-15-Pack;16.99
1559;14;Memorex-25GB-6X-Branded-Blu-Ray-Recordable-Disc-30-Pack;31.95
1798;17;Belkin-Grip-Candy-Sheer-Case---Cover-for-iPhone-5-and-5S;8.78
14;1;Atlantic-Metals-Mobile-5-Shelf-Bookcases-Custom-Colors;255.83
17;1;Atlantic-Metals-Mobile-2-Shelf-Bookcases-Custom-Colors;163.87
22;1;Atlantic-Metals-Mobile-3-Shelf-Bookcases-Custom-Colors;260.98
24;1;Atlantic-Metals-Mobile-4-Shelf-Bookcases-Custom-Colors;238.83
31;1;Global-Adaptabilites-Bookcase-Cherry-Storm-Gray-Finish;430.98
34;1;Bush-Westfield-Collection-Bookcases-Dark-Cherry-Finish;57.98
143;3;Executive-Impressions-14-Two-Color-Numerals-Wall-Clock;22.72
237;3;Executive-Impressions-13-1-2-Indoor-Outdoor-Wall-Clock;18.7
293;3;Luxo-Professional-Magnifying-Clamp-On-Fluorescent-Lamps;104.01
521;6;Dixon-Ticonderoga-Erasable-Colored-Pencil-Set-12-Color;5.98
563;6;Dixon-Prang-Watercolor-Pencils-10-Color-Set-with-Brush;4.26
661;7;GBC-Twin-Loop-Wire-Binding-Elements-9-16-Spine-Black;15.22
862;8;White-Envelopes-White-Envelopes-with-Clear-Poly-Window;15.25
892;8;Blue-String-Tie-&-Button-Interoffice-Envelopes-10-x-13;39.98
955;9;Vinyl-Coated-Wire-Paper-Clips-in-Organizer-Box-800-Box;11.48
1110;11;TOPS-Money-Receipt-Book-Consecutively-Numbered-in-Red;8.01
1282;11;Southworth-25%-Cotton-Premium-Laser-Paper-and-Envelopes;19.98
1293;11;Wirebound-Message-Books-Two-4-1-4-x-5-Forms-per-Page;7.61
1502;14;WD-My-Passport-Ultra-500GB-Portable-External-Hard-Drive;59
1802;17;Plantronics-CS-50-USB-- headset --Convertible-Monaural;135.99
1834;17;Anker-Astro-Mini-3000mAh-Ultra-Compact-Portable-Charger;19.99
27;1;Rush-Hierlooms-Collection-1-Thick-Stackable-Bookcases;170.98
187;3;Eldon-Executive-Woodline-II-Desk-Accessories-Mahogany;25.13
319;3;Howard-Miller-14-1-2-Diameter-Chrome-Round-Wall-Clock;63.94
333;4;SAFCO-PlanMaster-Boards-60w-x-37-1-2d-White-Melamine;151.99
417;5;Fellowes-8-Outlet-Superior-Workstation-Surge-Protector;41.71
514;6;Binney-&-Smith-Crayola-Metallic-Crayons-16-Color-Pack;3.37
546;6;Sanford-Colorific-Eraseable-Coloring-Pencils-12-Count;3.28
710;7;Wilson-Jones-Ledger-Size-Piano-Hinge-Binder-2-Blue;40.98
818;7;Fellowes-Presentation-Covers-for-Comb-Binding-Machines;14.55
873;8;Tyvek-Interoffice-Envelopes-9-1-2-x-12-1-2-100-Box;60.98
973;10;Avery-Address-Shipping-Labels-for-Typewriters-4-x-2;10.35
1116;11;Important-Message-Pads-50-4-1-4-x-5-1-2-Forms-per-Pad;4.2
1140;11;Wirebound-Message-Books-2-7-8-x-5-3-Forms-per-Page;7.04
1221;11;Black-Print-Carbonless-8-1-2-x-8-1-4-Rapid-Memo-Book;5.82
1342;12;Recycled-Steel-Personal-File-for-Standard-File-Folders;55.29
1374;12;Eldon-Jumbo-ProFile-Portable-File-Boxes-Graphite-Black;12.25
1381;12;Smead-Adjustable-Mobile-File-Trolley-with-Lockable-Top;419.19
1509;14;Micro-Innovations-Wireless-Classic-Keyboard-with-Mouse;29.99
1732;17;Square-Credit-Card-Reader-4-1-2-x-4-1-2-x-1-White;9.99
1787;17;ClearSounds-CSC500-Amplified-Spirit-Phone-Corded-phone;69.99
1812;17;Xblue-XB-1670-86-X16-Small Office-Telephone --Titanium;125.99
6;1;OSullivan-Plantations-2-Door-Library-in-Landvery-Oak;160.78
95;2;DMI-Arturo-Collection-Mission-style-Design-Wood-Chair;150.98
256;3;Eldon-Radial-Chair-Mat-for-Low-to-Medium-Pile-Carpets;39.98
283;3;Howard-Miller-12-3-4-Diameter-Accuwave-DS--Wall-Clock;62.95
314;3;Westinghouse-Mesh-Shade-Clip-On-Gooseneck-Lamp-Black;14.14
357;4;Bevis-Round-Conference-Table-Top-&-Single-Column-Base;146.34
432;5;Belkin-F9H710-06-7-Outlet-SurgeMaster-Surge-Protector;18.84
475;5;Kensington-6-Outlet-Guardian-Standard-Surge-Protector;20.48
555;6;Boston-Heavy-Duty-Trimline-Electric-Pencil-Sharpeners;48.2
572;6;Panasonic-KP-310-Heavy-Duty-Electric-Pencil-Sharpener;21.98
772;7;Avery-Self-Adhesive-Photo-Pockets-for-Polaroid-Photos;5.45
839;7;Cardinal-Poly-Pocket-Divider-Pockets-for-Ring-Binders;2.69
848;7;Wilson-Jones-Hanging-Recycled-Pressboard-Data-Binders;11.87
850;7;Flexible-Leather--Look-Classic-Collection-Ring-Binder;18.94
883;8;Tyvek--Top-Opening-Peel-&-Seel-Envelopes-Plain-White;27.18
1115;11;Computer-Printout-Paper-with-Letter-Trim-Perforations;18.97
1391;12;Sortfiler-Multipurpose-Personal-File-Organizer-Black;21.39
1420;12;Space-Solutions-Industrial-Galvanized-Steel-Shelving.;78.8
1422;12;Recycled-Steel-Personal-File-for-Hanging-File-Folders;57.23
1457;13;Acme-Office-Executive-Series-Stainless-Steel-Trimmers;8.57
1527;14;Logitech-Wireless-Performance-Mouse-MX-for-PC-and-Mac;99.99
1567;14;WD-My-Passport-Ultra-2TB-Portable-External-Hard-Drive;119
1570;14;WD-My-Passport-Ultra-1TB-Portable-External-Hard-Drive;69
1575;14;Micro-Innovations-USB-RF-Wireless-Keyboard-with-Mouse;25
1583;14;Anker-Ultra-Slim-Mini-Bluetooth-3.0-Wireless-Keyboard;19.99
1670;16;Cisco-TelePresence-System-EX90-Videoconferencing-Unit;3773.08
1676;16;Ricoh---Ink-Collector-Unit-for-GX3000-Series-Printers;41.95
1688;16;Panasonic-KX-MC6040-Color-Laser-Multifunction-Printer;449.95
1700;16;Konica-Minolta-magicolor-1690MF-Multifunction-Printer;39.99
33;1;Bush-Westfield-Collection-Bookcases-Fully-Assembled;100.98
73;2;Office-Star---Mesh-Screen-back-chair-with-Vinyl-seat;130.98
81;2;Office-Star-Flex-Back-Scooter-Chair-with-White-Frame;110.98
99;2;Office-Star---Task-Chair-with-Contemporary-Loop-Arms;81.88
234;3;Westinghouse-Floor-Lamp-with-Metal-Mesh-Shade-Black;23.99
235;3;C-Line-Magnetic-Cubicle-Keepers-Clear-Polypropylene;4.94
259;3;Electrix-Fluorescent-Magnifier-Lamps-&-Weighted-Base;49.34
274;3;Eldon-Cleatmat-Plus-Chair-Mats-for-High-Pile-Carpets;79.52
295;3;Howard-Miller-13-Diameter-Goldtone-Round-Wall-Clock;46.94
345;4;Bush-Advantage-Collection-Racetrack-Conference-Table;424.21
346;4;Chromcraft-48-x-96-Racetrack-Double-Pedestal-Table;320.64
383;4;Office-Impressions-End-Table-20-1-2H-x-24W-x-20D;303.76
423;5;Acco-6-Outlet-Guardian-Premium-Plus-Surge-Suppressor;18.32
523;6;Sanford-EarthWrite-Recycled-Pencils-Medium-Soft-#2;2.1
619;6;Panasonic-KP-380BK-Classic-Electric-Pencil-Sharpener;35.98
666;7;Avery-Recycled-Flexi-View-Covers-for-Binding-Systems;16.03
767;7;Black-Avery-Memo-Size-3-Ring-Binder-5-1-2-x-8-1-2;3.67
806;7;DXL-Angle-View-Binders-with-Locking-Rings-by-Samsill;7.71
927;9;Acco-Clips-to-Go-Binder-Clips-24-Clips-in-Two-Sizes;3.55
1011;10;Dot-Matrix-Printer-Tape-Reel-Labels-White-5000-Box;98.31
1141;11;Hammermill-CopyPlus-Copy-Paper-(20Lb.-and-84-Bright);4.98
1159;11;Southworth-25%-Cotton-Antique-Laid-Paper-&-Envelopes;8.34
1201;11;Southworth-25%-Cotton-Linen-Finish-Paper-&-Envelopes;9.06
1239;11;While-you-Were-Out-Message-Book-One-Form-per-Page;3.71
1415;12;Tenex-File-Box-Personal-Filing-Tote-with-Lid-Black;15.51
1446;13;Acme-Forged-Steel-Scissors-with-Black-Enamel-Handles;9.31
1497;14;Logitech-G13-Programmable-Gameboard-with-LCD-Display;79.99
1498;14;Kensington-K72356US-Mouse-in-a-Box-USB-Desktop-Mouse;16.59
1516;14;Enermax-Briskie-RF-Wireless-Keyboard-and-Mouse-Combo;20.77
1544;14;Rosewill-107-Normal-Keys-USB-Wired-Standard-Keyboard;13.48
1640;15;Brother-DCP1000-Digital-3-in-1-Multifunction-Machine;299.99
1663;16;Zebra-GK420t-Direct-Thermal-Thermal-Transfer-Printer;117.29
1695;16;Zebra-GX420t-Direct-Thermal-Thermal-Transfer-Printer;424.76
1701;16;Lexmark-X-9575-Professional-All-in-One-Color-Printer;99
1713;17;ARKON-Windshield-Dashboard-Air-Vent-Car-Mount-Holder;16.95
1726;17;Samsung-Galaxy-S-III---16GB---pebble-blue-(T-Mobile);349.99
1846;17;invisibleSHIELD-by-ZAGG-Smudge-Free-Screen-Protector;17.99
10;1;Sauder-Mission-Library-with-Doors-Fruitwood-Finish;111.33
39;1;OSullivan-Manor-Hill-2-Door-Library-in-Brianna-Oak;153.83
48;1;OSullivan-2-Door-Barrister-Bookcase-in-Odessa-Pine;180.98
107;2;Global-Commerce-Series-High-Back-Swivel-Tilt-Chairs;284.98
173;3;Howard-Miller-11-1-2-Diameter-Ridgewood-Wall-Clock;51.94
181;3;Howard-Miller-11-1-2-Diameter-Brentwood-Wall-Clock;43.13
200;3;Eldon-Regeneration-Recycled-Desk-Accessories-Smoke;1.74
248;3;Eldon-Regeneration-Recycled-Desk-Accessories-Black;4.84
249;3;Howard-Miller-11-1-2-Diameter-Grantwood-Wall-Clock;43.13
265;3;Howard-Miller-13-1-2-Diameter-Rosebrook-Wall-Clock;68.77
269;3;Electrix-Architects-Clamp-On-Swing-Arm-Lamp-Black;95.46
349;4;Bevis-Traditional-Conference-Table-Top-Plinth-Base;233.35
360;4;Lesro-Round-Back-Collection-Coffee-Table-End-Table;182.55
427;5;Belkin-8-Outlet-SurgeMaster-II-Gold-Surge-Protector;59.98
465;5;Fellowes-Smart-Surge-Ten-Outlet-Protector-Platinum;60.22
483;6;BIC-Brite-Liner-Grip-Highlighters-Assorted-5-Pack;4.24
508;6;Boston-16765-Mini-Stand-Up-Battery-Pencil-Sharpener;11.66
609;6;Boston-16750-Black-Compact-Battery-Pencil-Sharpener;8.75
630;6;Panasonic-KP-4ABK-Battery-Operated-Pencil-Sharpener;14.64
698;7;Avery-Heavy-Duty-EZD-View-Binder-with-Locking-Rings;6.38
849;7;Wilson-Jones-Turn-Tabs-Binder-Tool-for-Ring-Binders;4.82
889;8;#10-4-1-8-x-9-1-2-Premium-Diagonal-Seam-Envelopes;15.74
1266;11;Hammermill-Color-Copier-Paper-(28Lb.-and-96-Bright);9.99
1460;13;Serrated-Blade-or-Curved-Handle-Hand-Letter-Openers;3.14
1531;14;Memorex-Mini-Travel-Drive-16-GB-USB-2.0-Flash-Drive;15.97
1584;14;Memorex-Mini-Travel-Drive-64-GB-USB-2.0-Flash-Drive;36.24
1599;14;Logitech-Wireless-Headset-H600-Over-The-Head-Design;42.99
1611;14;Memorex-Mini-Travel-Drive-32-GB-USB-2.0-Flash-Drive;20
1687;16;Xerox-WorkCentre-6505DN-Laser-Multifunction-Printer;359.99
1692;16;Hewlett-Packard-Desktjet-6988DT-Refurbished-Printer;680.9
1776;17;Nortel-Business-Series-Terminal-T7208-Digital-phone;111.19
1878;17;Wireless-Extenders-zBoost-YX545-SOHO-Signal-Booster;188.99
12;1;OSullivan-Cherrywood-Estates-Traditional-Bookcase;84.98
40;1;Sauder-Facets-Collection-Library-Sky-Alder-Finish;170.98
120;2;Global-Commerce-Series-Low-Back-Swivel-Tilt-Chairs;231.28
167;3;Tenex-B1-RE-Series-Chair-Mats-for-Low-Pile-Carpets;45.98
194;3;Eldon-Delta-Triangular-Chair-Mat-52-x-58-Clear;37.93
311;3;3M-Polarizing-Task-Lamp-with-Clamp-Arm-Light-Gray;136.98
394;5;Fellowes-Basic-Home-Office-Series-Surge-Protectors;12.98
406;5;Sanyo-2.5-Cubic-Foot-Mid-Size-Office-Refrigerators;279.81
426;5;1.7-Cubic-Foot-Compact-Cube-Office-Refrigerators;208.16
445;5;Fellowes-Advanced-Computer-Series-Surge-Protectors;26.49
458;5;Tripp-Lite-TLP810NET-Broadband-Surge-for-Modem-Fax;50.97
617;6;Avery-Hi-Liter-Pen-Style-Six-Color-Fluorescent-Set;3.85
631;6;Sanford-Colorific-Scented-Colored-Pencils-12-Pack;4.28
635;6;Boston-19500-Mighty-Mite-Electric-Pencil-Sharpener;20.15
656;7;Avery-Triangle-Shaped-Sheet-Lifters-Black-2-Pack;2.46
659;7;XtraLife-ClearVue-Slant-D-Ring-Binders-by-Cardinal;7.84
720;7;Pressboard-Hanging-Data-Binders-for-Unburst-Sheets;4.92
785;7;Cardinal-HOLDit!-Binder-Insert-StripsExtra-Strips;5.06
803;7;Avery-Durable-Slant-Ring-Binders-With-Label-Holder;3.34
830;7;GBC-Velobind-Prepunched-Cover-Sets-Regency-Series;29.58
890;8;Ames-Color-File-Green-Diamond-Border-X-ray-Mailers;83.98
898;8;Tyvek-Side-Opening-Peel-&-Seel-Expanding-Envelopes;90.48
1183;11;Geographics-Note-Cards-Blank-White-8-1-2-x-11;11.19
1466;13;Martin-Yale-Chadless-Opener-Electric-Letter-Opener;832.81
1530;14;SanDisk-Ultra-64-GB-MicroSDHC-Class-10-Memory-Card;39.99
1533;14;Logitech-Wireless-Anywhere-Mouse-MX-for-PC-and-Mac;59.99
1549;14;SanDisk-Ultra-32-GB-MicroSDHC-Class-10-Memory-Card;22.1
1578;14;Memorex-Mini-Travel-Drive-4-GB-USB-2.0-Flash-Drive;6.81
1588;14;Memorex-Mini-Travel-Drive-8-GB-USB-2.0-Flash-Drive;11.58
1589;14;TRENDnet-56K-USB-2.0-Phone-Internet-and-Fax-Modem;25.89
1597;14;Logitech Z-906-Speaker-sys---home-theater---5.1-CH;329.99
1598;14;NETGEAR-AC1750-Dual-Band-Gigabit Smart-WiFi-Router;159.99
1605;14;SanDisk-Ultra-16-GB-MicroSDHC-Class-10-Memory-Card;12.99
1635;15;Hewlett-Packard-610-Color-Digital-Copier---Printer;499.99
1668;16;Cisco-CP-7937G-Unified-IP-Conference-Station-Phone;347.85
1762;17;Logitech-Mobile-Speakerphone-P710e-- speaker-phone;134.98
1835;17;Jackery-Bar-Premium-Fast-charging-Portable-Charger;29.95
111;2;Hon-4070-Series-Pagoda-Round-Back-Stacking-Chairs;320.98
183;3;Executive-Impressions-16-1-2-Circular-Wall-Clock;26.72
307;3;G.E.-Longer-Life-Indoor-Recessed-Floodlight-Bulbs;6.64
309;3;Eldon-Cleatmat-Chair-Mats-for-Medium-Pile-Carpets;55.5
439;5;3.6-Cubic-Foot-Counter-Height-Office-Refrigerator;294.62
444;5;Holmes-Harmony-HEPA-Air-Purifier-for-17-x-20-Room;225.04
478;5;Fellowes-Superior-10-Outlet-Split-Surge-Protector;38.06
497;6;Boston-Model-1800-Electric-Pencil-Sharpener-Gray;28.15
588;6;Boston-School-Pro-Electric-Pencil-Sharpener-1670;30.98
649;7;Angle-D-Binders-with-Locking-Rings-Label-Holders;7.3
708;7;SpineVue-Locking-Slant-D-Ring-Binders-by-Cardinal;7.31
856;7;Ibico-Covers-for-Plastic-or-Wire-Binding-Elements;11.5
1269;11;Its-Hot-Message-Books-with-Stickers-2-3-4-x-5;7.4
1472;13;Acme-Tagit-Stainless-Steel-Antibacterial-Scissors;9.9
1545;14;Imation 8gb-Micro-Traveldrive-Usb-2.0 Flash-Drive;15
1560;14;Imation Swivel Flash-Drive USB flash-drive --8-GB;11.37
1596;14;Imation 16GB-Mini-TravelDrive-USB-2.0 Flash-Drive;257.49
1691;16;Hewlett-Packard-Deskjet-6540-Color-Inkjet-Printer;287.46
1704;16;Lexmark-20R1285-X6650-Wireless-All-in-One-Printer;120
1736;17;Belkin-SportFit-Armband-For-iPhone-5s-5c-Fuchsia;14.99
1809;17;OtterBox-Defender-Series-Case---Samsung-Galaxy-S4;29.99
1867;17;OtterBox-Commuter-Series-Case---Samsung-Galaxy-S4;24.99
1;1;Bush-Birmingham-Collection-Bookcase-Dark-Cherry;91.69
20;1;Sauder-Forest-Hills-Library-Woodland-Oak-Finish;425.83
36;1;Bush-Cubix-Collection-Bookcases-Fully-Assembled;220.98
41;1;Bush-Andora-Bookcase-Maple-Graphite-Gray-Finish;119.99
225;3;Eldon-Econocleat-Chair-Mats-for-Low-Pile-Carpets;41.47
340;4;Bush-Advantage-Collection-Round-Conference-Table;212.6
408;5;Bionaire-Personal-Warm-Mist-Humidifier-Vaporizer;46.89
410;5;APC-7-Outlet-Network-SurgeArrest-Surge-Protector;80.48
457;5;Acco-6-Outlet-Guardian-Standard-Surge-Suppressor;12.09
476;5;Eureka-The-Boss-Lite-10-Amp-Upright-Vacuum-Blue;80.16
625;6;Boston-1799-Powerhouse-Electric-Pencil-Sharpener;25.98
668;7;GBC-Ibimaster-500-Manual-ProClick-Binding-System;760.98
674;7;Storex-DuraTech-Recycled-Plastic-Frosted-Binders;4.24
679;7;Storex-Flexible-Poly-Binders-with-Double-Pockets;2.64
726;7;DXL-Angle-View-Binders-with-Locking-Rings-Black;4.79
810;7;Wilson-Jones-Century-Plastic-Molded-Ring-Binders;20.77
827;7;XtraLife-ClearVue-Slant-D-Ring-Binder-White-3;14.68
904;8;Park-Ridge-Embossed-Executive-Business-Envelopes;15.57
1417;12;Eldon-Base-for-stackable-storage-shelf-platinum;38.94
1484;14;Sony-Micro-Vault-Click-16-GB-USB-2.0-Flash-Drive;55.99
1572;14;Imation 8GB-Mini-TravelDrive-USB-2.0 Flash-Drive;30.19
1657;16;3D-Systems-Cube-Printer-2nd-Generation-Magenta;1299.99
1673;16;NeatDesk-Desktop-Scanner-&-Digital-Filing-System;239.99
1765;17;BlueLounge-Milo-Smartphone-Stand-White-Metallic;29.99
1773;17;Innergie-mMini-Combo-Duo-USB-Travel-Charging-Kit;44.99
1778;17;Wi-Ex-zBoost-YX540-Cellular-Phone-Signal-Booster;145.95
1828;17;Nortel-Meridian-M3904-Professional-Digital-phone;153.99
1837;17;SmartStand-Mobile-Device-Holder-Assorted-Colors;6.99
1859;17;ClearOne-Communications-CHAT-70-OC Speaker-Phone;158.99
93;2;Office-Star---Ergonomically-Designed-Knee-Chair;80.98
113;2;Global-Wood-Trimmed-Managers-Task-Chair-Khaki;90.98
139;3;DAX-Value-U-Channel-Document-Frames-Easel-Back;4.97
168;3;Eldon-Expressions-Mahogany-Wood-Desk-Collection;6.24
193;3;Advantus-Panel-Wall-Certificate-Holder---8.5x11;12.2
264;3;Howard-Miller-Distant-Time-Traveler-Alarm-Clock;27.42
377;4;Riverside-Furniture-Stanwyck-Manor-Table-Series;200.8
411;5;Eureka-The-Boss-Cordless-Rechargeable-Stick-Vac;50.98
470;5;Kensington-6-Outlet-SmartSocket-Surge-Protector;40.98
480;5;Acco-6-Outlet-Guardian-Premium-Surge-Suppressor;14.56
491;6;Hunt-PowerHouse-Electric-Pencil-Sharpener-Blue;37.98
738;7;Cardinal-Slant-D-Ring-Binder-Heavy-Gauge-Vinyl;6.95
744;7;Avery-Heavy-Duty-EZD--Binder-With-Locking-Rings;5.58
813;7;Wilson-Jones-International-Size-A4-Ring-Binders;17.3
829;7;Ibico-EB-19-Dual-Function-Manual-Binding-System;172.99
887;8;Tyvek--Top-Opening-Peel-&-Seel--Envelopes-Gray;35.94
938;9;Advantus-Map-Pennant-Flags-and-Round-Head-Tacks;3.95
1046;11;IBM-Multi-Purpose-Copy-Paper-8-1-2-x-11-Case;30.98
1096;11;Southworth-25%-Cotton-Granite-Paper-&-Envelopes;6.54
1291;11;Spiral-Phone-Message-Books-with-Labels-by-Adams;4.48
1311;12;Fellowes-Stor-Drawer-Steel-Plus-Storage-Drawers;95.43
1321;12;Neat-Ideas-Personal-Hanging-Folder-Files-Black;13.43
1354;12;Personal-File-Boxes-with-Fold-Down-Carry-Handle;15.58
1363;12;Fellowes-Bankers-Box-Recycled-Super-Stor-Drawer;53.98
1492;14;Perixx-PERIBOARD-512B-Ergonomic-Split-Keyboard;34.99
1496;14;Verbatim-Slim-CD-and-DVD-Storage-Cases-50-Pack;11.54
1507;14;Sony-Micro-Vault-Click-8-GB-USB-2.0-Flash-Drive;46.99
1576;14;Logitech-G35-7.1-Channel-Surround-Sound-Headset;129.99
1579;14;Plantronics-S12-Corded-Telephone-Headset-System;107.79
1610;14;Logitech-Desktop-MK120-Mouse-and-keyboard-Combo;16.36
1620;14;Sony-Micro-Vault-Click-4-GB-USB-2.0-Flash-Drive;13.94
1682;16;DYMO-CardScan-Personal-V9-Business-Card-Scanner;159.99
1699;16;Star-Micronics-TSP800-TSP847IIU-Receipt-Printer;343.16
1703;16;Star-Micronics-TSP100-TSP143LAN-Receipt-Printer;258.95
1705;16;StarTech.com-10-100-VDSL2-Ethernet-Extender-Kit;266.36
7;1;OSullivan-Living-Dimensions-2-Shelf-Bookcases;120.98
30;1;OSullivan-Living-Dimensions-5-Shelf-Bookcases;176.78
43;1;OSullivan-Living-Dimensions-3-Shelf-Bookcases;200.98
76;2;Global-Leather-&-Oak-Executive-Chair-Burgundy;150.89
135;2;Harbour-Creations-67200-Series-Stacking-Chairs;71.18
163;3;Executive-Impressions-10-Spectator-Wall-Clock;11.76
175;3;DAX-Charcoal-Nickel-Tone-Document-Frame-5-x-7;9.48
268;3;DataProducts-Ampli-Magnifier-Task-Lamp-Black;27.06
302;3;Executive-Impressions-13-Clairmont-Wall-Clock;19.23
325;3;Eldon-400-Class-Desk-Accessories-Black-Carbon;8.75
368;4;Anderson-Hickey-Conga-Table-Tops-&-Accessories;12.18
434;5;Tripp-Lite-Isotel-8-Ultra-8-Outlet-Metal-Surge;70.97
463;5;Hoover-Shoulder-Vac-Commercial-Portable-Vacuum;357.82
493;6;Boston-16701-Slimline-Battery-Pencil-Sharpener;15.94
574;6;Stanley-Contemporary-Battery-Pencil-Sharpeners;13.35
575;6;Boston-16801-Nautilus-Battery-Pencil-Sharpener;22.01
729;7;Premium-Transparent-Presentation-Covers-by-GBC;20.98
801;7;GBC-Therma-A-Bind-250T-Electric-Binding-System;98.39
1191;11;HP-Office-Recycled-Paper-(20Lb.-and-87-Bright);5.78
1340;12;2300-Heavy-Duty-Transfer-File-Systems-by-Perma;24.98
1362;12;Carina-Media-Storage-Towers-in-Natural-&-Black;60.98
1556;14;Razer-Kraken-PRO-Over-Ear-PC-and-Music-Headset;79.99
1666;16;3D-Systems-Cube-Printer-2nd-Generation-White;1039.99
1708;17;Jawbone-MINI-JAMBOX-Wireless-Bluetooth-Speaker;136.98
1730;17;Plantronics-Voyager-Pro-HD---Bluetooth-Headset;64.99
1781;17;Griffin-GC36547-PowerJolt-SE-Lightning-Charger;17.99
1791;17;LG-Electronics-Tone+-HBS-730-Bluetooth-Headset;59.51
1832;17;Plantronics-Encore-H101-Dual-Earpieces Headset;44.95
1879;17;Wilson-SignalBoost-841262-DB-PRO-Amplifier-Kit;359.95
28;1;OSullivan-Elevations-Bookcase-Cherry-Finish;111.33
44;1;Rush-Hierlooms-Collection-Rich-Wood-Bookcases;160.98
61;2;Global-Airflow-Leather-Mesh-Back-Chair-Black;150.98
69;2;Global-Deluxe-High-Back-Office-Chair-in-Storm;108.79
70;2;Global-Troy-Executive-Leather-Low-Back-Tilter;450.88
78;2;Hon-Every-Day-Chair-Series-Swivel-Task-Chairs;108.88
87;2;Hon-Deluxe-Fabric-Upholstered-Stacking-Chairs;195.18
94;2;Iceberg-Nesting-Folding-Chair-19w-x-6d-x-43h;58.22
127;2;Global-Leather-and-Oak-Executive-Chair-Black;300.98
133;2;Global-Managers-Adjustable-Task-Chair-Storm;150.98
171;3;Eldon-Stackable-Tray-Side-Load-Legal-Smoke;9.14
241;3;Ultra-Commercial-Grade-Dual-Valve-Door-Closer;31.91
289;3;Executive-Impressions-13-Chairman-Wall-Clock;107.53
294;3;Executive-Impressions-14-Contract-Wall-Clock;22.23
301;3;Eldon-Image-Series-Desk-Accessories-Burgundy;19.23
315;3;Howard-Miller-16-Diameter-Gallery-Wall-Clock;63.94
328;4;Bretford-CR4500-Series-Slim-Rectangular-Table;348.21
342;4;Bush-Cubix-Conference-Tables-Fully-Assembled;230.98
365;4;Bretford-CR8500-Series-Meeting-Room-Furniture;400.98
387;5;Acco-6-Outlet-Guardian-Basic-Surge-Suppressor;8.32
511;6;SANFORD-Liquid-Accent-Tank-Style-Highlighters;2.84
603;6;Avery-Hi-Liter-Fluorescent-Desk-Style-Markers;3.38
615;6;Sanford-52201-APSCO-Electric-Pencil-Sharpener;40.97
637;6;Boston-1730-StandUp-Electric-Pencil-Sharpener;21.38
648;7;Pressboard-Data-Binder-Crimson-12-X-8-1-2;4.27
692;7;Wilson-Jones-1-Hanging-DublLock-Ring-Binders;5.28
755;7;Avery-Hidden-Tab-Dividers-for-Binding-Systems;2.38
841;7;Ibico-Laser-Imprintable-Binding-System-Covers;52.4
864;8;Jet-Pak-Recycled-Peel-N-Seal-Padded-Mailers;35.89
884;8;Peel-&-Seel-Recycled-Catalog-Envelopes-Brown;11.58
899;8;Peel-&-Seel-Recycled-Catalog-Envelopes-Brown;11.58
1062;11;Memo-Book-100-Message-Capacity-5-3-8”-x-11”;6.74
1224;11;Eureka-Recycled-Copy-Paper-8-1-2-x-11-Ream;6.48
1347;12;Space-Solutions-HD-Industrial-Steel-Shelving.;114.97
1376;12;Tennsco-16-Compartment-Lockers-with-Coat-Rack;647.89
1485;14;Sony-64GB-Class-10-Micro-SDHC-R40-Memory-Card;35.99
1510;14;Sony-16GB-Class-10-Micro-SDHC-R40-Memory-Card;12.89
1618;14;Sony-32GB-Class-10-Micro-SDHC-R40-Memory-Card;20.95
1627;14;Plantronics-Audio-995-Wireless-Stereo-Headset;109.95
1647;16;Texas-Instruments-TI-34-Scientific-Calculator;21.99
1780;17;Konftel-250-Conference phone --Charcoal-black;284.82
1838;17;Grandstream-GXP2100-Mainstream-Business-Phone;61.19
1840;17;Samsung-Replacement-EH64AVFWE-Premium-Headset;5.5
1855;17;JBL-Micro-Wireless-Portable-Bluetooth-Speaker;59.99
1875;17;OtterBox-Commuter-Series-Case---iPhone-5-&-5s;100.79
1881;17;Cisco-8x8-Inc.-6753i-IP-Business-Phone-System;134.99
83;2;HON-5400-Series-Task-Chairs-for-Big-and-Tall;700.98
104;2;Office-Star---Contemporary-Task-Swivel-Chair;110.98
158;3;Tenex-Chairmats-For-Use-With-Carpeted-Floors;15.98
211;3;Dana-Fluorescent-Magnifying-Lamp-White-36;50.98
224;3;Eldon-Expressions-Wood-Desk-Accessories-Oak;7.38
233;3;Electrix-Incandescent-Magnifying-Lamp-Black;29.32
299;3;Luxo-Professional-Combination-Clamp-On-Lamps;102.3
338;4;Hon-61000-Series-Interactive-Training-Tables;35.54
344;4;Bevis-Round-Conference-Room-Tables-and-Bases;143.43
422;5;Hoover-Commercial-Lightweight-Upright-Vacuum;2.78
438;5;Kensington-7-Outlet-MasterPiece-Power-Center;177.98
446;5;Fellowes-Command-Center-5-outlet-power-strip;67.84
543;6;Model-L-Table-or-Wall-Mount-Pencil-Sharpener;17.99
552;6;Bulldog-Table-or-Wall-Mount-Pencil-Sharpener;5.99
583;6;Avery-Fluorescent-Highlighter-Four-Color-Set;3.34
618;6;Hunt-Boston-Vacuum-Mount-KS-Pencil-Sharpener;34.99
634;6;Boston-KS-Multi-Size-Manual-Pencil-Sharpener;22.99
657;7;Mead-1st-Gear-2-Zipper-Binder-Asst.-Colors;10.38
667;7;Acco-Economy-Flexible-Poly-Round-Ring-Binder;4.18
717;7;GBC-Instant-Index-System-for-Binding-Systems;8.88
730;7;Ibico-Presentation-Index-for-Binding-Systems;3.98
797;7;Avery-3-1-2-Diskette-Storage-Pages-10-Pack;10.44
840;7;GBC-ProClick-150-Presentation-Binding-System;315.98
869;8;#10--4-1-8-x-9-1-2-Security-Tint-Envelopes;7.64
882;8;Globe-Weis-Peel-&-Seel-First-Class-Envelopes;12.78
906;8;Wausau-Papers-Astrobrights-Colored-Envelopes;5.98
919;9;OIC-Binder-Clips-Mini-1-4-Capacity-Black;1.24
1036;11;Ampad-Evidence-Wirebond-Steno-Books-6-x-9;2.18
1200;11;Avoid-Verbal-Orders-Carbonless-Minifold-Book;3.38
1285;11;14-7-8-x-11-Blue-Bar-Computer-Printout-Paper;48.04
1310;11;Speediset-Carbonless-Redi-Letter-7-x-8-1-2;10.31
1353;12;Fellowes-Personal-Hanging-Folder-Files-Navy;15.58
1355;12;Mini-13-1-2-Capacity-Data-Binder-Rack-Pearl;130.87
1447;13;Acco-Side-Punched-Conventional-Columnar-Pads;2.78
1506;14;Imation-Bio-2GB-USB Flash-Drive-Imation Corp;131.18
1547;14;Imation-Bio-8GB-USB Flash-Drive-Imation Corp;166.24
1554;14;Sony-8GB-Class-10-Micro-SDHC-R40-Memory-Card;9.06
1656;16;Socket-Bluetooth-Cordless-Hand-Scanner-(CHS);168.76
1659;16;Swingline-SM12-08-MicroCut-Jam-Free-Shredder;399.2
1685;16;Vtech-AT&T-CL2940-Corded-Speakerphone-Black;23.99
67;2;Global-Value-Mid-Back-Managers-Chair-Gray;60.89
130;2;Lifetime-Advantage-Folding-Chairs-4-Carton;218.08
141;3;Deflect-O-Glasstique-Clear-Desk-Accessories;7.7
182;3;Executive-Impressions-Supervisor-Wall-Clock;42.1
226;3;DAX-Copper-Panel-Document-Frame-5-x-7-Size;12.58
316;3;Deflect-o-EconoMat-Nonstudded-No-Bevel-Mat;51.65
418;5;Acco-Six-Outlet-Power-Strip-4-Cord-Length;8.62
503;6;DIXON-Ticonderoga-Erasable-Checking-Pencils;5.58
559;6;Eldon-Spacemaker-Box-Quick-Snap-Lid-Clear;3.34
582;6;Dixon-Ticonderoga-Core-Lock-Colored-Pencils;9.11
665;7;Avery-Printable-Repositionable-Plastic-Tabs;8.6
701;7;GBC-Standard-Plastic-Binding-Systems-Combs;6.28
714;7;Ibico-Plastic-and-Wire-Spiral-Binding-Combs;8.43
742;7;Wilson-Jones-Hanging-View-Binder-White-1;7.1
751;7;Recycled-Premium-Regency-Composition-Covers;12.22
768;7;Avery-Trapezoid-Extra-Heavy-Duty-4-Binders;33.55
778;7;Avery-Durable-Slant-Ring-Binders-No-Labels;3.98
793;7;Fellowes-PB200-Plastic-Comb-Binding-Machine;169.99
805;7;Green-Canvas-Binder-for-8-1-2-x-14-Sheets;42.8
807;7;Fellowes-PB300-Plastic-Comb-Binding-Machine;387.99
878;8;Jiffy-Padded-Mailers-with-Self-Seal-Closure;14.9
1127;11;Adams-Telephone-Message-Books-5-1-4”-x-11”;6.04
1292;11;Personal-Creations-Ink-Jet-Cards-and-Labels;11.48
1326;12;Fellowes-Bankers-Box-Stor-Drawer-Steel-Plus;31.98
1351;12;Carina-Mini-System-Audio-Rack-Model-AR050B;110.98
1357;12;Decoflex-Hanging-Personal-Folder-File-Blue;15.42
1444;13;High-Speed-Automatic-Electric-Letter-Opener;1637.53
1503;14;NETGEAR-N750-Dual-Band-Wi-Fi-Gigabit-Router;90
1508;14;Logitech-ClearChat-Comfort-USB-Headset-H390;29.29
1662;16;Lexmark-MarkNet-N8150-Wireless-Print-Server;120.59
1872;17;Cisco-IP Phone 7961G-VoIP phone --Dark-gray;135.95
16;1;OSullivan-4-Shelf-Bookcase-in-Odessa-Pine;120.98
56;2;Global-Highback-Leather-Tilter-in-Burgundy;90.99
96;2;Situations-Contoured-Folding-Chairs-4-Set;70.98
119;2;GuestStacker-Chair-with-Chrome-Finish-Legs;297.41
126;2;Global-Push-Button-Managers-Chair-Indigo;60.89
174;3;Eldon-Im?ge-Series-Desk-Accessories-Clear;4.86
228;3;Master-Caster-Door-Stop-Large-Neon-Orange;7.28
246;3;Eldon-200-Class-Desk-Accessories-Burgundy;6.28
270;3;Eldon-Image-Series-Desk-Accessories-Ebony;12.35
364;4;Bretford-Rectangular-Conference-Table-Tops;376.13
557;6;Panasonic-KP-150-Electric-Pencil-Sharpener;37.74
702;7;GBC-DocuBind-TL300-Electric-Binding-System;896.99
728;7;Wilson-Jones-Custom-Binder-Spines-&-Labels;4.35
816;7;GBC-Standard-Plastic-Binding-Systems-Combs;8.85
910;8;#10-White-Business-Envelopes4-1-8-x-9-1-2;15.67
1113;11;White-Computer-Printout-Paper-by-Universal;38.76
1232;11;Avery-Personal-Creations-Heavyweight-Cards;11.54
1574;14;Kingston-Digital-DataTraveler-16GB-USB-2.0;8.95
1582;14;Belkin-F8E887-USB-Wired-Ergonomic-Keyboard;29.99
1586;14;Kingston-Digital-DataTraveler-32GB-USB-2.0;16.95
1628;14;Kingston-Digital-DataTraveler-64GB-USB-2.0;33.78
1650;16;Texas-Instrument-TI-15-Fraction-Calculator;11.56
1680;16;Hewlett-Packard-300S-Scientific-Calculator;13.11
1740;17;Polycom-SoundPoint-Pro-SE-225-Corded-phone;118.99
1744;17;Polycom-CX300-Desktop-Phone-USB-VoIP-phone;149.99
1844;17;Motorola-HK250-Universal-Bluetooth-Headset;22.99
64;2;Global-Executive-Mid-Back-Managers-Chair;290.98
100;2;Global-High-Back-Leather-Tilter-Burgundy;122.99
172;3;Tensor-Brushed-Steel-Torchiere-Floor-Lamp;16.99
199;3;Eldon-Image-Series-Black-Desk-Accessories;4.14
251;3;Master-Giant-Foot-Doorstop-Safety-Yellow;7.59
305;3;Stacking-Tray-Side-Loading-Legal-Smoke;4.48
380;4;Hon-2111-Invitation-Series-Straight-Table;147.83
399;5;Fellowes-Mighty-8-Compact-Surge-Protector;20.27
409;5;Belkin-5-Outlet-SurgeMaster-Power-Centers;54.48
513;6;BOSTON-Ranger-#55-Pencil-Sharpener-Black;25.99
516;6;Sanford-Colorific-Colored-Pencils-12-Box;2.88
704;7;Deluxe-Heavy-Duty-Vinyl-Round-Ring-Binder;22.92
718;7;GBC-DocuBind-P50-Personal-Binding-Machine;63.98
761;7;Avery-Reinforcements-for-Hole-Punch-Pages;1.98
774;7;GBC-DocuBind-TL200-Manual-Binding-Machine;223.98
791;7;GBC-DocuBind-300-Electric-Binding-Machine;525.98
842;7;Ibico-Ibimaster-300-Manual-Binding-System;367.99
859;7;GBC-DocuBind-P400-Electric-Binding-System;1360.99
934;9;Alliance-Super-Size-Bands-Assorted-Sizes;7.78
1047;11;Riverleaf-Stik-Withit-Designer-Note-Cubes;10.06
1085;11;TOPS-Voice-Message-Log-Book-Flash-Format;4.76
1177;11;Xerox-Color-Copier-Paper-11-x-17-Ream;22.84
1211;11;Wirebound-Service-Call-Books-5-1-2-x-4;9.68
1331;12;Rogers-Profile-Extra-Capacity-Storage-Tub;16.74
1359;12;Personal-Filing-Tote-with-Lid-Black-Gray;15.51
1360;12;Sensible-Storage-WireTech-Storage-Systems;70.98
1368;12;Space-Solutions-Commercial-Steel-Shelving;64.65
1425;12;24-Capacity-Maxi-Data-Binder-Racks-Pearl;210.55
1478;13;Acme-Design-Stainless-Steel-Bent-Scissors;6.84
1483;14;Microsoft-Natural-Ergonomic-Keyboard-4000;29.99
1487;14;Kingston-Digital-DataTraveler-8GB-USB-2.0;5.95
1541;14;Logitech-G19-Programmable-Gaming-Keyboard;421.95
1645;16;Panasonic-KX-MB2061-Multifunction-Printer;239.64
1646;16;Cubify-CubeX-3D-Printer-Double-Head-Print;2399.99
1651;16;Lexmark-MX611dhe-Monochrome-Laser-Printer;1529.99
1697;16;Cubify-CubeX-3D-Printer-Triple-Head-Print;2000
1751;17;Anker-Astro-15000mAh-USB-Portable-Charger;49.99
1761;17;Polycom-SoundStation2-EX-Conference phone;404.95
1774;17;Jawbone-JAMBOX-Wireless-Bluetooth-Speaker;157.99
1800;17;Polycom-VoiceStation-500-Conference phone;294.95
1819;17;Motorla-HX550-Universal-Bluetooth-Headset;39.55
1852;17;Jabra-Supreme-Plus-Driver-Edition Headset;119.99
1870;17;OtterBox-Defender-Series-Case---iPhone-5c;29.58
117;2;Novimex-High-Tech-Fabric-Mesh-Task-Chair;70.98
123;2;Global-Fabric-Managers-Chair-Dark-Gray;100.98
145;3;Tenex-Chairmats-For-Use-with-Hard-Floors;32.48
154;3;Deflect-o-Glass-Clear-Studded-Chair-Mats;62.18
159;3;Seth-Thomas-14-Putty-Colored-Wall-Clock;29.34
277;3;Tenex-Chairmat-w--Average-Lip-45-x-53;151.36
292;3;DAX-Two-Tone-Silver-Metal-Document-Frame;20.24
337;4;Chromcraft-Rectangular-Conference-Tables;189.58
348;4;Bevis-Round-Conference-Table-Top-X-Base;179.29
363;4;Balt-Split-Level-Computer-Training-Table;111
489;6;Dixon-Ticonderoga-Maple-Cedar-Pencil-#2;3.07
526;6;BIC-Brite-Liner-Highlighters-Chisel-Tip;6.48
814;7;Acco-Suede-Grain-Vinyl-Round-Ring-Binder;2.22
838;7;GBC-DocuBind-P100-Manual-Binding-Machine;165.98
867;8;#10-Gummed-Flap-White-Envelopes-100-Box;4.13
872;8;Strathmore-#10-Envelopes-Ultimate-White;52.71
922;9;OIC-Colored-Binder-Clips-Assorted-Sizes;3.58
947;9;Alliance-Big-Bands-Rubber-Bands-12-Pack;1.98
1319;12;Deluxe-Rollaway-Locking-File-with-Drawer;415.88
1322;12;Acco-Perma-2700-Stacking-Storage-Drawers;29.74
1371;12;Acco-Perma-4000-Stacking-Storage-Drawers;16.24
1405;12;Trav-L-File-Heavy-Duty-Shuttle-II-Black;43.57
1438;12;Belkin-19-Vented-Equipment-Shelf-Black;51.48
1441;12;Acco-Perma-3000-Stacking-Storage-Drawers;20.98
1445;13;Compact-Automatic-Electric-Letter-Opener;119.31
1504;14;NETGEAR-RangeMax-WNR1000-Wireless-Router;19.99
1566;14;Plantronics-Audio-478-Stereo-USB-Headset;49.99
1600;14;KeyTronic 6101-Series-- Keyboard --Black;40.99
1613;14;Logitech-G700s-Rechargeable-Gaming-Mouse;99.99
1629;15;Hewlett-Packard-310-Color-Digital-Copier;299.99
1674;16;Ativa-MDM8000-8-Sheet-Micro-Cut-Shredder;89.99
1678;16;I.R.I.S-IRISCard-Anywhere-5-Card-Scanner;116.99
1735;17;Anker-24W-Portable-Micro-USB-Car-Charger;8.79
1743;17;Jabra-BIZ-2300-Duo-QD-Duo-Corded Headset;101.59
1750;17;Cisco-Small-Business-SPA-502G-VoIP-phone;82.06
1772;17;Wilson-Electronics-DB-Pro-Signal-Booster;358
1777;17;iHome-FM-Clock-Radio-with-Lightning-Dock;55.99
1821;17;Jabra-SPEAK-410-Multidevice-Speakerphone;164.79
4;1;OSullivan-2-Shelf-Heavy-Duty-Bookcases;48.58
8;1;OSullivan-3-Shelf-Heavy-Duty-Bookcases;58.14
26;1;OSullivan-5-Shelf-Heavy-Duty-Bookcases;81.94
37;1;Sauder-Camden-County-Collection-Library;97.73
121;2;Global-Deluxe-High-Back-Managers-Chair;285.98
170;3;Eldon-200-Class-Desk-Accessories-Smoke;6.28
178;3;DAX-Black-Cherry-Wood-Tone-Poster-Frame;26.48
296;3;Eldon-200-Class-Desk-Accessories-Black;46.94
297;3;Hand-Finished-Solid-Wood-Document-Frame;34.23
298;3;Eldon-300-Class-Desk-Accessories-Black;4.95
358;4;Bevis-Round-Bullnose-29-High-Table-Top;259.71
362;4;Global-Adaptabilities-Conference-Tables;280.98
366;4;Hon-2111-Invitation-Series-Corner-Table;209.37
374;4;Hon-30-x-60-Table-with-Locking-Drawer;272.85
456;5;Belkin-7-Outlet-SurgeMaster-Home-Series;13.97
536;6;Rogers-Handheld-Barrel-Pencil-Sharpener;2.74
676;7;GBC-VeloBinder-Electric-Binding-Machine;36.29
684;7;Pressboard-Data-Binders-by-Wilson-Jones;4.27
731;7;Wilson-Jones-Easy-Flow-II-Sheet-Lifters;1.8
766;7;GBC-Recycled-Regency-Composition-Covers;59.78
820;7;Insertable-Tab-Indexes-For-Data-Binders;3.18
823;7;Fellowes-Twister-Kit-Gray-Clear-3-pkg;8.04
833;7;GBC-DocuBind-200-Manual-Binding-Machine;336.78
861;8;#10--4-1-8-x-9-1-2-Recycled-Envelopes;8.74
863;8;#10--4-1-8-x-9-1-2-Recycled-Envelopes;8.74
885;8;Redi-Strip-#10-Envelopes-4-1-8-x-9-1-2;2.95
888;8;Ampad-#10-Peel-&-Seel-Holiday-Envelopes;4.48
905;8;Convenience-Packs-of-Business-Envelopes;3.62
953;9;Plymouth-Boxed-Rubber-Bands-by-Plymouth;4.71
1218;11;Adams-While-You-Were-Out-Message-Pads;3.14
1378;12;SAFCO-Mobile-Desk-Side-File-Wire-Frame;42.76
1389;12;Carina-42Hx23-3-4W-Media-Storage-Unit;80.98
1461;13;Acme-Preferred-Stainless-Steel-Scissors;5.68
1756;17;Cisco-Unified-IP-Phone-7945G-VoIP-phone;272.79
1769;17;ClearOne-CHATAttach-160-- speaker-phone;619.99
88;2;Global-Stack-Chair-without-Arms-Black;25.98
131;2;Padded-Folding-Chairs-Black-4-Carton;80.98
138;2;Hon-Every-Day-Series-Multi-Task-Chairs;187.98
231;3;Tensor-Hersey-Kiss-Styled-Floor-Lamp;12.99
260;3;Tenex-The-Solids-Textured-Chair-Mats;69.96
280;3;DAX-Metal-Frame-Desktop-Stepped-Edge;20.24
321;3;Eldon-L-Workstation-Diamond-Chairmat;60.78
324;3;Seth-Thomas-12-Clock-w--Goldtone-Case;22.98
459;5;Hoover-WindTunnel-Plus-Canister-Vacuum;363.25
505;6;Manco-Dry-Lighter-Erasable-Highlighter;3.04
539;6;Avery-Hi-Liter-Smear-Safe-Highlighters;5.84
643;6;Turquoise-Lead-Holder-with-Pocket-Clip;6.7
781;7;Tuff-Stuff-Recycled-Round-Ring-Binders;4.82
855;7;Wilson-Jones-Suede-Grain-Vinyl-Binders;2.78
1010;10;Alphabetical-Labels-for-Top-Tab-Filing;14.8
1071;11;Southworth-Parchment-Paper-&-Envelopes;6.54
1077;11;Array-Parchment-Paper-Assorted-Colors;7.28
1272;11;Tops-Green-Bar-Computer-Printout-Paper;48.94
1345;12;Contico-72H-Heavy-Duty-Storage-System;40.98
1370;12;Iceberg-Mobile-Mega-Data-Printer-Cart-;120.33
1393;12;Recycled-Eldon-Regeneration-Jumbo-File;12.28
1404;12;Sterilite-Show-Offs-Storage-Containers;5.28
1427;12;Belkin-19-Center-Weighted-Shelf-Gray;58.98
1482;14;Maxell-74-Minute-CD-R-Spindle-50-Pack;20.97
1524;14;Logitech-K350-2.4Ghz-Wireless-Keyboard;49.77
1529;14;Logitech MX-Performance-Wireless-Mouse;39.89
1562;14;Belkin-QODE-FastFit-Bluetooth-Keyboard;61.95
1706;17;Belkin-iPhone-and-iPad-Lightning-Cable;11.99
1753;17;Panasonic-Business Telephones KX-T7736;182.02
1833;17;RCA-ViSYS-25825-Wireless-digital-phone;103.99
1891;17;RCA-Visys-Integrated-PBX-8-Line-Router;66.99
1893;17;Classic-Ivory-Antique Telephone ZL1810;100.49
19;1;DMI-Eclipse-Executive-Suite-Bookcases;425.83
32;1;Sauder-Cornerstone-Collection-Library;30.98
59;2;Metal-Folding-Chairs-Beige-4-Carton;33.94
71;2;Harbour-Creations-Steel-Folding-Chair;86.25
109;2;Global-Armless-Task-Chair-Royal-Blue;60.98
210;3;Dana-Halogen-Swing-Arm-Architect-Lamp;40.97
243;3;Magna-Visual-Magnetic-Picture-Hangers;4.82
569;6;Boston-1900-Electric-Pencil-Sharpener;14.98
590;6;Dixon-My-First-Ticonderoga-Pencil-#2;5.85
597;6;Zebra-Zazzle-Fluorescent-Highlighters;6.08
724;7;Wilson-Jones-Four-Pocket-Poly-Binders;6.54
748;7;GBC-ProClick-Spines-for-32-Hole-Punch;12.53
749;7;Premier-Elliptical-Ring-Binder-Black;30.44
783;7;Cardinal-Holdit-Business-Card-Pockets;4.98
1121;11;HP-Office-Paper-(20Lb.-and-87-Bright);6.68
1243;11;Southworth-100%-Cotton-The-Best-Paper;11.48
1315;12;Tennsco-6--and-18-Compartment-Lockers;265.17
1334;12;File-Shuttle-II-and-Handi-File-Black;33.89
1343;12;Fellowes-Desktop-Hanging-File-Manager;13.43
1361;12;Decoflex-Hanging-Personal-Folder-File;15.42
1372;12;Super-Decoflex-Portable-Personal-File;14.98
1398;12;SAFCO-Commercial-Wire-Shelving-Black;138.14
1400;12;Dual-Level-Single-Width-Filing-Carts;155.06
1429;12;Safco-Industrial-Wire-Shelving-System;90.98
1465;13;Acme-10-Easy-Grip-Assistive-Scissors;17.53
1518;14;Logitech-Wireless-Touch-Keyboard-K400;24.99
1538;14;Logitech-Wireless-Gaming-Headset-G930;159.99
1540;14;AmazonBasics-3-Button-USB-Wired-Mouse;6.99
1548;14;KeyTronic E03601U1-- Keyboard --Beige;18
1569;14;Logitech-Wireless-Marathon-Mouse-M705;49.99
1641;15;Canon-imageCLASS-2200-Advanced-Copier;3499.99
1684;16;Hewlett-Packard-Deskjet-D4360-Printer;111.99
1826;17;ShoreTel-ShorePhone-IP-230-VoIP-phone;168.99
1864;17;Griffin-GC17055-Auxiliary-Audio-Cable;17.99
51;2;Hon-Multipurpose-Stacking-Arm-Chairs;216.6
185;3;Tenex-Antistatic-Computer-Chair-Mats;170.98
216;3;Master-Caster-Door-Stop-Large-Brown;7.28
220;3;Nu-Dell-EZ-Mount-Plastic-Wall-Frames;3.94
250;3;Linden-12-Wall-Clock-With-Oak-Frame;33.98
272;3;Westinghouse-Clip-On-Gooseneck-Lamps;8.37
313;3;Executive-Impressions-12-Wall-Clock;17.67
351;4;Iceberg-OfficeWorks-42-Round-Tables;150.98
397;5;Belkin-325VA-UPS-Surge-Protector-6;120.98
405;5;Honeywell-Quietcare-HEPA-Air-Cleaner;78.65
454;5;Eureka-Sanitaire--Commercial-Upright;165.71
467;5;Belkin-6-Outlet-Metallic-Surge-Strip;10.89
599;6;Quartet-Omega-Colored-Chalk-12-Pack;5.84
628;6;Bulldog-Vacuum-Base-Pencil-Sharpener;11.99
693;7;Ibico-EPK-21-Electric-Binding-System;1889.99
695;7;Ibico-Recycled-Grain-Textured-Covers;34.54
697;7;Avery-Flip-Chart-Easel-Binder-Black;22.38
707;7;GBC-VeloBinder-Manual-Binding-System;35.99
735;7;Fellowes-Black-Plastic-Comb-Bindings;5.81
750;7;Wilson-Jones-Standard-D-Ring-Binders;5.06
796;7;Wilson-Jones-Legal-Size-Ring-Binders;21.99
824;7;Catalog-Binders-with-Expanding-Posts;67.28
831;7;Wilson-Jones-DublLock-D-Ring-Binders;6.75
972;10;Round-Specialty-Laser-Printer-Labels;12.53
1358;12;Sterilite-Officeware-Hinged-File-Box;10.48
1491;14;KeyTronic KT800P2-- Keyboard --Black;15.02
1512;14;Microsoft-Wireless-Mobile-Mouse-4000;39.99
1521;14;SanDisk-Cruzer-64-GB-USB-Flash-Drive;36.32
1523;14;SanDisk-Cruzer-16-GB-USB-Flash-Drive;11.48
1528;14;KeyTronic KT400U2-- Keyboard --Black;10.28
1555;14;SanDisk-Cruzer-32-GB-USB-Flash-Drive;19.02
1565;14;Belkin-Standard-104-key-USB-Keyboard;14.59
1608;14;Cherry-142-key-Programmable-Keyboard;119.93
1631;15;Hewlett-Packard-LaserJet-3310-Copier;599.99
1693;16;Hewlett-Packard-Deskjet-5550-Printer;199.04
1758;17;Spigen-Samsung-Galaxy-S5-Case-Wallet;16.99
1806;17;Polycom-SoundPoint-IP-450-VoIP-phone;225.86
52;2;Global-Comet-Stacking-Armless-Chair;299.05
112;2;Global-Italian-Leather-Office-Chair;130.98
132;2;Global-Stack-Chair-with-Arms-Black;29.98
157;3;GE-4-Foot-Flourescent-Tube-40-Watt;14.98
242;3;Seth-Thomas-14-Day-Date-Wall-Clock;28.48
300;3;Career-Cubicle-Clock-8-1-4-Black;20.28
331;4;Bevis-Rectangular-Conference-Tables;87.59
359;4;Bevis-Oval-Conference-Table-Walnut;260.98
390;5;Belkin-F9G930V10-GRY-9-Outlet-Surge;53.48
441;5;Hoover-Upright-Vacuum-With-Dirt-Cup;289.53
675;7;Insertable-Tab-Post-Binder-Dividers;8.02
691;7;GBC-White-Gloss-Covers-Plain-Front;14.48
737;7;GBC-Twin-Loop-Wire-Binding-Elements;33.28
765;7;Performers-Binder-Pad-Holder-Black;28.03
777;7;Accohide-Poly-Flexible-Ring-Binders;2.99
802;7;Large-Capacity-Hanging-Post-Binders;24.95
843;7;Ibico-Hi-Tech-Manual-Binding-System;304.99
914;9;Revere-Boxed-Rubber-Bands-by-Revere;1.89
1119;11;Rediform-S.O.S.-Phone-Message-Books;4.98
1173;11;Southworth-100%-Résumé-Paper-24lb.;7.78
1433;12;SAFCO-Commercial-Wire-Shelving-72h;61.24
1452;13;Acme-Elite-Stainless-Steel-Scissors;8.34
1479;13;Acme-Kleencut-Forged-Steel-Scissors;5.74
1495;14;SanDisk-Cruzer-4-GB-USB-Flash-Drive;5.19
1517;14;Case-Logic-2.4GHz-Wireless-Keyboard;49.99
1546;14;Imation Clip-USB flash-drive --8-GB;18.8
1561;14;Logitech-G602-Wireless-Gaming-Mouse;79.99
1601;14;SanDisk-Cruzer-8-GB-USB-Flash-Drive;6.79
1655;16;Canon-PC170-Desktop-Personal-Copier;95.97
1660;16;Okidata-MB491-Multifunction-Printer;399.2
1689;16;Penpower-WorldCard-Pro-Card-Scanner;91.48
1702;16;Epson-Perfection-V600-Photo-Scanner;69
1749;17;Mophie-Juice-Pack-Helium-for-iPhone;79.99
1790;17;Aastra-6757i-CT-Wireless-VoIP-phone;367.99
1807;17;Nortel-Meridian-M5316-Digital-phone;258.95
1823;17;Speck-Products-Candyshell-Flip-Case;27.99
1888;17;Mediabridge-Sport-Armband-iPhone-5s;9.99
3;1;Sauder-Inglewood-Library-Bookcases;170.98
53;2;Global-Geo-Office-Task-Chair-Gray;80.98
80;2;Global-Deluxe-Office-Fabric-Chairs;95.98
98;2;Global-Deluxe-Stacking-Chair-Gray;40.78
169;3;DAX-Natural-Wood-Tone-Poster-Frame;26.48
177;3;3M-Polarizing-Light-Filter-Sleeves;18.65
281;3;Linden-10-Round-Wall-Clock-Black;15.28
306;3;Howard-Miller-12-Round-Wall-Clock;39.29
334;4;Chromcraft-Round-Conference-Tables;174.29
350;4;Bevis-Boat-Shaped-Conference-Table;262.11
398;5;Disposable-Triple-Filter-Dust-Bags;4.37
495;6;Sanford-Pocket-Accent-Highlighters;1.6
515;6;Quartet-Alpha-White-Chalk-12-Pack;2.21
567;6;Sanford-Liquid-Accent-Highlighters;6.68
587;6;Eberhard-Faber-3-1-2-Golf-Pencils;7.44
653;7;Acco-Translucent-Poly-Ring-Binders;4.68
683;7;Ibico-Plastic-Spiral-Binding-Combs;30.4
825;7;GBC-Recycled-Grain-Textured-Covers;27.63
847;7;Peel-&-Stick-Add-On-Corner-Pockets;2.16
893;8;#6-3-4-Gummed-Flap-White-Envelopes;7.92
903;8;Laser-&-Ink-Jet-Business-Envelopes;10.67
928;9;Brites-Rubber-Bands-1-1-2-oz.-Box;1.98
1226;11;Tops-White-Computer-Printout-Paper;48.91
1250;11;Wirebound-Message-Book-4-per-Page;5.43
1284;11;Multicolor-Computer-Printout-Paper;104.85
1325;12;Advantus-Rolling-Drawer-Organizers;38.48
1339;12;Companion-Letter-Legal-File-Black;37.76
1364;12;Steel-Personal-Filing-Posting-Tote;35.51
1408;12;Adjustable-Depth-Letter-Legal-Cart;181.46
1459;13;Acme-Rosewood-Handle-Letter-Opener;3.97
1595;14;Logitech P710e-Mobile-Speakerphone;257.49
1623;14;Maxell-Pro-80-Minute-CD-R-10-Pack;17.48
1630;15;Canon-Imageclass-D680-Copier---Fax;699.99
1638;15;Canon-PC1060-Personal-Laser-Copier;699.99
1652;16;Cisco-9971-IP-Video-Phone-Charcoal;440
1712;17;Cisco-SPA525G2-IP-Phone---Wireless;19.95
1771;17;Panasonic-KX-T7736-B-Digital-phone;149.95
1794;17;Panasonic-KX-T7731-B-Digital-phone;195.99
1817;17;netTALK-DUO-VoIP-Telephone-Service;52.49
1845;17;Cisco-IP-Phone-7961G-GE-VoIP-phone;173.26
13;1;Bush-Somerset-Collection-Bookcase;130.98
58;2;High-Back-Leather-Managers-Chair;129.99
74;2;Hon-Comfortask-Task-Swivel-Chairs;113.98
197;3;Acrylic-Self-Standing-Desk-Frames;2.67
209;3;Telescoping-Adjustable-Floor-Lamp;19.99
291;3;Advantus-Panel-Wall-Acrylic-Frame;5.47
343;4;Balt-Solid-Wood-Rectangular-Table;105.49
355;4;Hon-Rectangular-Conference-Tables;227.55
401;5;Hoover-Portapower-Portable-Vacuum;4.48
564;6;SANFORD-Major-Accent-Highlighters;7.08
581;6;Fluorescent-Highlighters-by-Dixon;3.98
632;6;BIC-Brite-Liner-Grip-Highlighters;1.64
686;7;GBC-ProClick-Punch-Binding-System;63.98
733;7;Ibico-Recycled-Linen-Style-Covers;58.1
764;7;Ibico-Standard-Transparent-Covers;16.48
808;7;Cardinal-Holdit-Data-Disk-Pockets;7.28
916;9;Advantus-Push-Pins-Aluminum-Head;5.81
917;9;Sterling-Rubber-Bands-by-Alliance;4.71
930;9;Acco-Bankers-Clasps-5-3-4-Long;2.88
1032;11;Green-Bar-Computer-Printout-Paper;54.96
1317;12;Fellowes-Recycled-Storage-Drawers;111.03
1330;12;Woodgrain-Magazine-Files-by-Perma;2.98
1377;12;Fellowes-Officeware-Wire-Shelving;89.83
1379;12;Fellowes-Staxonsteel-Drawer-Files;193.17
1382;12;Iris-3-Drawer-Stacking-Bin-Black;20.89
1395;12;Eldon-Shelf-Savers-Cubes-and-Bins;6.98
1399;12;Fellowes-Neat-Ideas-Storage-Cubes;32.48
1439;12;Plastic-Stacking-Crates-&-Casters;4.46
1470;13;Acme-Serrated-Blade-Letter-Opener;3.18
1471;13;Acme-Stainless-Steel-Office-Snips;7.27
1475;13;Martin-Yale-Premier-Letter-Opener;12.88
1526;14;Dell-Slim-USB-Multimedia-Keyboard;25
1552;14;HP-Standard-104-key-PS-2-Keyboard;14.5
1580;14;Enermax-Acrylux-Wireless-Keyboard;99.6
1625;14;Imation 30456-USB Flash-Drive 8GB;6.9
1632;15;Sharp-1540cs-Digital-Laser-Copier;549.99
1644;16;Zebra-ZM400-Thermal-Label-Printer;1160.95
1649;16;Lexmark-S315-Color-Inkjet-Printer;79.99
1679;16;Wasp-CCD-Handheld-Bar-Code-Reader;112.17
1694;16;Ativa-V4110MDD-Micro-Cut-Shredder;699.99
1707;17;PureGear-Roll-On-Screen-Protector;19.99
1731;17;Panasonic-KX-TS3282B-Corded-phone;65.59
1754;17;Polycom-CX600-IP-Phone-VoIP-phone;299.95
1796;17;Apple-EarPods-with-Remote-and-Mic;27.99
1851;17;i.Sound-Portable-Power---8000-mAh;52.99
1886;17;PNY-Rapid-USB-Car-Charger---Black;4.79
1889;17;Panasonic-KX-TS3282W-Corded-phone;67.99
1890;17;Cisco-SPA112-2-Port-Phone-Adapter;54.95
65;2;Novimex-Swivel-Fabric-Task-Chair;150.98
77;2;Safco-Chair-Connectors-6-Carton;38.48
103;2;Global-Leather-Task-Chair-Black;89.99
148;3;Seth-Thomas-16-Steel-Case-Clock;32.48
166;3;Eldon-200-Class-Desk-Accessories;6.28
207;3;3M-Hangers-With-Command-Adhesive;3.7
230;3;Eldon-100-Class-Desk-Accessories;3.37
239;3;12-1-2-Diameter-Round-Wall-Clock;19.98
262;3;Seth-Thomas-8-1-2-Cubicle-Clock;20.28
275;3;Ultra-Door-Kickplate-8H-x-34W;15.82
320;3;Eldon-500-Class-Desk-Accessories;63.94
391;5;Harmony-HEPA-Quiet-Air-Purifiers;11.7
395;5;Euro-Pro-Shark-Stick-Mini-Vacuum;48.78
447;5;Belkin-F5C206VTEL-6-Outlet-Surge;22.98
468;5;Bionaire-99.97%-HEPA-Air-Cleaner;17.52
606;6;Deluxe-Chalkboard-Eraser-Cleaner;11.55
607;6;Crayola-Anti-Dust-Chalk-12-Pack;1.82
672;7;Satellite-Sectional-Post-Binders;43.41
685;7;Cardinal-EasyOpen-D-Ring-Binders;9.14
715;7;GBC-Standard-Therm-A-Bind-Covers;24.92
757;7;GBC-Prestige-Therm-A-Bind-Covers;34.31
775;7;Self-Adhesive-Ring-Binder-Labels;3.52
809;7;Avery-Durable-Plastic-1-Binders;4.54
835;7;Avery-Durable-Slant-Ring-Binders;6.34
854;7;GBC-Poly-Designer-Binding-Covers;16.74
858;7;ACCOHIDE-3-Ring-Binder-Blue-1;4.13
920;9;OIC-Bulk-Pack-Metal-Binder-Clips;3.49
964;10;Avery-White-Multi-Purpose-Labels;4.98
1013;10;Color-Coded-Legal-Exhibit-Labels;4.91
1131;11;Tops-Wirebound-Message-Log-Books;3.29
1171;11;Wirebound-Voice-Message-Log-Book;3.81
1297;11;Advantus-Motivational-Note-Cards;13.1
1300;11;Southworth-Structures-Collection;7.28
1313;12;Fellowes-Super-Stor-Drawer-Files;161.55
1366;12;Standard-Rollaway-File-with-Lock;180.19
1412;12;Belkin-OmniView-SE-Rackmount-Kit;35.48
1434;12;Fellowes-Mobile-File-Cart-Black;62.18
1501;14;Logitech Gaming-G510s---Keyboard;84.99
1539;14;Memorex-Micro-Travel-Drive-16-GB;15.99
1543;14;Microsoft-Natural-Keyboard-Elite;59.88
1593;14;Lenovo-17-Key-USB-Numeric-Keypad;33.99
1624;14;Memorex-Micro-Travel-Drive-32-GB;36.51
1746;17;Panasonic-KX-TS208W-Corded-phone;48.99
1768;17;Bose-SoundLink-Bluetooth-Speaker;199
1801;17;AT&T-CL83451-4-Handset-Telephone;205.99
1831;17;Samsung-HM1900-Bluetooth-Headset;21.95
1841;17;Ooma-Telo-VoIP-Home-Phone-System;125.99
55;2;Global-Comet-Stacking-Arm-Chair;422.51
60;2;Safco-Contoured-Stacking-Chairs;238.4
63;2;Global-Ergonomic-Managers-Chair;180.98
162;3;9-3-4-Diameter-Round-Wall-Clock;13.79
214;3;Nu-Dell-Float-Frame-11-x-14-1-2;8.98
252;3;Master-Big-Foot-Doorstop-Beige;5.28
253;3;Luxo-Adjustable-Task-Clamp-Lamp;88.84
303;3;Electrix-Halogen-Magnifier-Lamp;194.3
341;4;Hon-Racetrack-Conference-Tables;262.51
367;4;Bevis-36-x-72-Conference-Tables;124.49
378;4;Bevis-44-x-96-Conference-Tables;205.9
386;5;Belkin-F9S820V06-8-Outlet-Surge;32.48
388;5;Belkin-F9M820V08-8-Outlet-Surge;42.98
402;5;Avanti-4.4-Cu.-Ft.-Refrigerator;180.98
404;5;Avanti-1.7-Cu.-Ft.-Refrigerator;100.98
412;5;Belkin-8-Outlet-Surge-Protector;40.98
571;6;Faber-Castell-Col-Erase-Pencils;4.89
713;7;Wilson-Jones-Active-Use-Binders;7.28
782;7;Acco-Expandable-Hanging-Binders;6.38
891;8;Quality-Park-Security-Envelopes;26.17
1037;11;Astroparche-Fine-Business-Paper;5.28
1328;12;Home-Office-Personal-File-Carts;34.76
1384;12;X-Rack-File-for-Hanging-Folders;11.29
1426;12;Fellowes-High-Stak-Drawer-Files;176.19
1448;13;Premier-Automatic-Letter-Opener;240.37
1514;14;Memorex-Micro-Travel-Drive-8-GB;13
1577;14;Memorex-Froggy-Flash-Drive-8-GB;17.75
1581;14;Memorex-Micro-Travel-Drive-4-GB;10.6
1590;14;Logitech Illuminated---Keyboard;59.99
1604;14;Memorex-Froggy-Flash-Drive-4-GB;10.99
1714;17;Jensen-SMPS-640-- speaker-phone;45.98
1724;17;Plantronics-HL10-Handset-Lifter;92.79
1797;17;Avaya-IP-Phone-1140E-VoIP-phone;278.99
1815;17;Nortel-Networks-T7316-E-Nt8-B27;67.99
1820;17;RCA-ViSYS-25425RE1-Corded-phone;107.99
1843;17;RCA-ViSYS-25423RE1-Corded-phone;79.99
1858;17;Panasonic-KX---TS880B-Telephone;41.22
1873;17;Toshiba-IPT2010-SD-IP Telephone;138.99
1884;17;Pyle-PRT45-Retro-Home Telephone;50.39
72;2;Global-Leather-Executive-Chair;315.89
114;2;Global-Value-Steno-Chair-Gray;60.74
147;3;Master-Caster-Door-Stop-Brown;5.08
164;3;DAX-Cubicle-Frames-8-1-2-x-11;8.57
276;3;Seth-Thomas-13-1-2-Wall-Clock;17.78
312;3;DAX-Clear-Channel-Poster-Frame;14.58
381;4;Hon-Non-Folding-Utility-Tables;159.31
396;5;Belkin-7-Outlet-SurgeMaster-II;120.98
504;6;Col-Erase-Pencils-with-Erasers;6.08
719;7;Trimflex-Flexible-Post-Binders;21.38
752;7;Clear-Mylar-Reinforcing-Strips;14.95
753;7;Presstex-Flexible-Ring-Binders;4.55
776;7;GBC-Plasticlear-Binding-Covers;3.44
812;7;GBC-Recycled-VeloBinder-Covers;17.04
875;8;Brown-Kraft-Recycled-Envelopes;16.98
942;9;Advantus-SlideClip-Paper-Clips;3.41
1009;10;Self-Adhesive-Removable-Labels;3.15
1299;11;Things-To-Do-Today-Spiral-Book;6.34
1338;12;Eldon-Fold-N-Roll-Cart-System;13.98
1349;12;Eldon-File-Chest-Portable-File;15.88
1365;12;Hot-File-7-Pocket-Floor-Stand;178.47
1421;12;Safco-Industrial-Wire-Shelving;95.99
1451;13;Fiskars-Home-&-Office-Scissors;8.88
1462;13;Acme-Kleen-Earth-Office-Shears;3.88
1464;13;Fiskars-Spring-Action-Scissors;13.98
1468;13;Premier-Electric-Letter-Opener;115.86
1500;14;Logitech-G600-MMO-Gaming-Mouse;79.99
1511;14;Logitech-Trackman-Marble-Mouse;29.99
1534;14;Logitech-Wireless-Headset-h800;99.99
1609;14;Microsoft-Sculpt-Comfort-Mouse;39.95
1617;14;Maxell iVDR-EX-500GB-Cartridge;275.54
1639;15;Sharp-AL-1530CS-Digital-Copier;399.99
1696;16;Plantronics-Single-Ear-Headset;5.99
1698;16;Cisco-SPA525G2-5-Line-IP-Phone;172.49
1757;17;Plantronics-Voyager-Pro-Legend;272.79
1792;17;Mitel-5320-IP-Phone-VoIP-phone;151.19
1805;17;Grandstream-GXP1160-VoIP-phone;37.91
215;3;Eldon-Pizzaz-Desk-Accessories;2.23
247;3;Master-Caster-Door-Stop-Gray;5.08
263;3;Contemporary-Borderless-Frame;8.61
322;3;Contemporary-Wood-Metal-Frame;16.16
369;4;Hon-94000-Series-Round-Tables;296.18
490;6;Design-Ebony-Sketching-Pencil;1.39
690;7;Acco-D-Ring-Binder-w-DublLock;17.1
696;7;Canvas-Sectional-Post-Binders;25.46
736;7;Cardinal-Slant-D-Ring-Binders;8.69
789;7;Avery-Round-Ring-Poly-Binders;2.84
881;8;#10-Self-Seal-White-Envelopes;11.09
913;8;Fashion-Color-Clasp-Envelopes;5.41
1286;11;Rediform-Voice-Mail-Log-Books;2.98
1348;12;Adjustable-Personal-File-Tote;16.28
1383;12;File-Shuttle-I-and-Handi-File;22.26
1401;12;SAFCO-Boltless-Steel-Shelving;113.64
1414;12;Eldon-Portable-Mobile-Manager;28.28
1437;12;Personal-Folder-Holder-Ebony;11.21
1476;13;Acme-Titanium-Bonded-Scissors;8.5
1550;14;Maxell-74-Minute-CDR-10-Pack;9.78
1571;14;Logitech-G105-Gaming-Keyboard;59.37
1602;14;Logitech-diNovo-Edge-Keyboard;249.99
1636;15;Canon-PC1080F-Personal-Copier;599.99
1637;15;Canon-Image-Class-D660-Copier;599.99
1825;17;AT&T-17929-Lendline-Telephone;45.24
1856;17;GE-2-Jack-Phone-Line-Splitter;205.99
1882;17;PowerGen-Dual-USB-Car-Charger;9.99
134;2;Global-Low-Back-Tilter-Chair;100.98
150;3;6-Cubicle-Wall-Clock-Black;8.09
176;3;Tensor-Track-Tree-Floor-Lamp;19.99
196;3;Longer-Life-Soft-White-Bulbs;3.08
219;3;G.E.-Halogen-Desk-Lamp-Bulbs;6.98
257;3;Regeneration-Desk-Collection;1.76
290;3;Tensor-Computer-Mounted-Lamp;14.89
347;4;Balt-Solid-Wood-Round-Tables;446.49
450;5;Holmes-99%-HEPA-Air-Purifier;21.66
576;6;Prismacolor-Color-Pencil-Set;19.84
596;6;4009-Highlighters-by-Sanford;3.98
604;6;Berol-Giant-Pencil-Sharpener;16.99
629;6;BIC-Brite-Liner-Highlighters;4.14
642;6;Colorific-Watercolor-Pencils;5.16
716;7;Vinyl-Sectional-Post-Binders;37.7
804;7;Computer-Printout-Index-Tabs;1.34
852;7;GBC-Personal-VeloBind-Strips;9.58
935;9;Advantus-Plastic-Paper-Clips;5
951;9;Translucent-Push-Pins-by-OIC;1.98
1122;11;Strathmore-Photo-Frame-Cards;7.31
1249;11;Strathmore-Photo-Mount-Cards;6.78
1333;12;Hanging-Personal-Folder-File;15.7
1380;12;Tennsco-Regal-Shelving-Units;101.41
1385;12;Safco-Steel-Mobile-File-Cart;83.36
1418;12;Portfile-Personal-File-Boxes;14.16
1436;12;Advantus-Rolling-Storage-Box;17.15
1469;13;Stiletto-Hand-Letter-Openers;9.6
1489;14;Logitech-M510-Wireless-Mouse;39.99
1519;14;Enermax-Aurora-Lite-Keyboard;78.15
1551;14;Logitech-Media-Keyboard-K200;34.99
1634;15;Canon-PC-428-Personal-Copier;199.99
1690;16;Cisco-8961-IP-Phone-Charcoal;74.98
1866;17;Mitel-MiVoice-5330e-IP-Phone;274.99
25;1;Bush-Mission-Pointe-Library;150.98
35;1;Hon-4-Shelf-Metal-Bookcases;100.98
86;2;Hon-Mobius-Operators-Chair;122.99
110;2;SAFCO-Folding-Chair-Trolley;128.24
140;3;Eldon-Wave-Desk-Accessories;5.89
156;3;Luxo-Economy-Swing-Arm-Lamp;19.94
286;3;Eldon-Wave-Desk-Accessories;2.08
379;4;Hon-5100-Series-Wood-Tables;290.98
453;5;Eureka-Hand-Vacuum-Bagless;49.43
462;5;Euro-Pro-Shark-Turbo-Vacuum;30.98
494;6;Pencil-and-Crayon-Sharpener;2.19
542;6;Prang-Dustless-Chalk-Sticks;1.68
545;6;OIC-#2-Pencils-Medium-Soft;1.88
762;7;Recycled-Easel-Ring-Binders;14.92
769;7;Prestige-Round-Ring-Binders;6.08
787;7;Avery-Metallic-Poly-Binders;5.73
811;7;Lock-Up-Easel-Spel-Binder;22.82
815;7;Wilson-Jones-Impact-Binders;5.18
860;8;Cameo-Buff-Policy-Envelopes;62.23
1190;11;Embossed-Ink-Jet-Note-Cards;22.57
1335;12;Fellowes-Econo-Stor-Drawers;96.93
1341;12;Eldon-Simplefile-Box-Office;12.44
1388;12;Tennsco-Commercial-Shelving;20.34
1396;12;Tennsco-Industrial-Shelving;48.91
1423;12;Tennsco-Double-Tier-Lockers;225.02
1435;12;Tennsco-Single-Tier-Lockers;375.34
1473;13;Fiskars-8-Scissors-2-Pack;17.24
1612;14;Maxell LTO-Ultrium---800-GB;27.99
1648;16;Bady-BDG101FRU-Card-Printer;799.99
1717;17;Shocksock-Galaxy-S4-Armband;10.95
11;1;Hon-Metal-Bookcases-Black;70.98
21;1;Sauder-Barrister-Bookcases;64.78
23;1;Hon-Metal-Bookcases-Putty;70.98
90;2;Hon-Pagoda-Stacking-Chairs;320.98
116;2;Hon-Valutask-Swivel-Chairs;100.98
136;2;Bevis-Steel-Folding-Chairs;76.76
188;3;Contract-Clock-14-Brown;21.98
208;3;Staple-based-wall-hangings;7.96
266;3;Nu-Dell-Leatherette-Frames;14.34
304;3;Staple-based-wall-hangings;9.74
332;4;KI-Adjustable-Height-Table;85.98
356;4;Laminate-Occasional-Tables;123.3
370;4;KI-Adjustable-Height-Table;85.98
385;5;Hoover-Commercial-SteamVac;13.58
654;7;Zipper-Ring-Binder-Pockets;3.12
662;7;Poly-Designer-Cover-&-Back;18.99
741;7;Cardinal-Hold-It-CD-Pocket;6.38
760;7;SlimView-Poly-Binder-3-8;5.18
763;7;Avery-Durable-Poly-Binders;5.53
780;7;Avery-Hanging-File-Binders;5.98
790;7;GBC-Durable-Plastic-Covers;19.35
792;7;Durable-Pressboard-Binders;3.8
846;7;VariCap6-Expandable-Binder;17.3
926;9;Acco-Hot-Clips-Clips-to-Go;3.29
932;9;Stockwell-Gold-Paper-Clips;1.84
952;9;Advantus-T-Pin-Paper-Clips;4.51
1042;11;Xerox-Blank-Computer-Paper;19.98
1120;11;White-GlueTop-Scratch-Pads;15.04
1316;12;Fellowes-Super-Stor-Drawer;27.75
1323;12;Rogers-Jumbo-File-Granite;13.58
1424;12;Project-Tote-Personal-File;14.03
1432;12;Portable-Personal-File-Box;12.21
1488;14;Sabrent-4-Port-USB-2.0-Hub;6.79
1558;14;Maxell-4.7GB-DVD-RW-3-Pack;31.95
1619;14;Maxell-4.7GB-DVD+RW-3-Pack;15.93
1734;17;Polycom-VVX-310-VoIP-phone;179.99
1810;17;iOttie-HLCRIO102-Car-Mount;19.99
1887;17;Nokia-Lumia-521-(T-Mobile);29.99
5;1;Hon-Metal-Bookcases-Gray;70.98
101;2;Leather-Task-Chair-Black;81.88
108;2;Global-Deluxe-Steno-Chair;69.28
115;2;Novimex-Fabric-Task-Chair;60.98
128;2;Global-Chrome-Stack-Chair;27.42
180;3;DAX-Cubicle-Frames---8x10;5.77
203;3;Computer-Room-Manger-14;32.48
213;3;Executive-Impressions-14;22.23
565;6;Dixon-Ticonderoga-Pencils;2.98
663;7;GBC-Plastic-Binding-Combs;7.38
689;7;Avery-Hole-Reinforcements;6.23
725;7;Avery-Poly-Binder-Pockets;3.58
734;7;UniKeep-View-Case-Binders;4.89
740;7;Acco-Hanging-Data-Binders;3.81
828;7;Avery-Legal-4-Ring-Binder;16.78
874;8;Poly-String-Tie-Envelopes;2.04
1403;12;Safco-Industrial-Shelving;73.85
1419;12;Mobile-Personal-File-Cube;23.42
1430;12;Safco-Commercial-Shelving;46.51
1440;12;Desktop-3-Pocket-Hot-File;54.1
1454;13;Fiskars-Softgrip-Scissors;10.98
1535;14;Microsoft-Arc-Touch-Mouse;59.95
1585;14;Maxell-4.7GB-DVD+R-5-Pack;0.99
1594;14;Maxell-4.7GB-DVD-R-5-Pack;0.99
1614;14;First-Data-TMFD35-PIN-Pad;142.8
1720;17;Square-Credit-Card-Reader;9.99
1755;17;Plantronics-MX500i-Earset;42.95
1883;17;Gear-Head-AU3700S-Headset;12.99
1885;17;Macally-Suction-Cup-Mount;11.95
66;2;Hon-Olson-Stacker-Stools;140.81
68;2;Global-Task-Chair-Black;60.89
85;2;Hon-Olson-Stacker-Chairs;264.78
118;2;Novimex-Turbo-Task-Chair;70.98
124;2;SAFCO-Arco-Folding-Chair;276.2
125;2;Global-Super-Steno-Chair;95.98
142;3;24-Hour-Round-Wall-Clock;19.98
144;3;DAX-Wood-Document-Frame.;13.73
206;3;Magnifier-Swing-Arm-Lamp;20.98
255;3;36X48-HARDFLOOR-CHAIRMAT;20.98
425;5;Holmes-HEPA-Air-Purifier;21.78
556;6;12-Colored-Short-Pencils;2.6
570;6;Prang-Drawing-Pencil-Set;2.78
586;6;Prang-Drawing-Pencil-Set;2.78
647;7;Heavy-Duty-E-Z-D-Binders;10.91
709;7;GBC-Linen-Binding-Covers;24.78
784;7;Binding-Machine-Supplies;29.17
945;9;Assorted-Color-Push-Pins;1.81
980;10;Avery-File-Folder-Labels;2.88
1392;12;Pizazz-Global-Quick-File;14.97
1394;12;Rogers-Deluxe-File-Chest;21.98
1413;12;Akro-Mils-12-Gallon-Tote;9.93
1443;12;Eldon-Gobal-File-Keepers;15.14
1456;13;Acme-Value-Line-Scissors;3.65
1463;13;Acme-Box-Cutter-Scissors;10.23
1587;14;Micropad-Numeric-Keypads;19.99
1721;17;GE-DSL-Phone-Line-Filter;39.99
1733;17;Samsung-Galaxy-S4-Active;499.99
1861;17;Avaya-5410-Digital-phone;54.39
1877;17;Avaya-5420-Digital-phone;134.99
46;1;Bestar-Classic-Bookcase;99.99
149;3;Aluminum-Document-Frame;12.22
186;3;DAX-Wood-Document-Frame;25.13
229;3;Nu-Dell-Executive-Frame;12.64
518;6;Staples-in-misc.-colors;7.58
560;6;Staples-in-misc.-colors;6.47
579;6;Staples-in-misc.-colors;1.78
580;6;50-Colored-Long-Pencils;10.16
600;6;Staples-in-misc.-colors;4.84
622;6;Staples-in-misc.-colors;10.48
638;6;Staples-in-misc.-colors;2.48
640;6;Crayola-Colored-Pencils;3.28
641;6;Staples-in-misc.-colors;9.58
678;7;Avery-Non-Stick-Binders;4.49
727;7;Storex-Dura-Pro-Binders;4.75
732;7;Avery-Arch-Ring-Binders;58.1
745;7;GBC-VeloBind-Cover-Sets;15.44
771;7;ACCOHIDE-Binder-by-Acco;4.13
819;7;Avery-Non-Stick-Binders;3.59
832;7;Storex-Dura-Pro-Binders;5.94
851;7;GBC-Wire-Binding-Strips;25.39
909;8;Security-Tint-Envelopes;7.64
1513;14;First-Data-FD10-PIN-Pad;79
1742;17;Avaya-4621SW-VoIP-phone;59.16
1752;17;Samsung-Galaxy-Mega-6.3;419.99
1779;17;Cisco-SPA-501G-IP-Phone;71.16
1860;17;PayAnywhere-Card-Reader;7.99
1869;17;Cisco-SPA-502G-IP-Phone;119.95
92;2;Hon-GuestStacker-Chair;226.67
204;3;Ultra-Door-Pull-Handle;10.52
258;3;Coloredge-Poster-Frame;14.2
326;3;Flat-Face-Poster-Frame;18.84
371;4;Hon-4060-Series-Tables;111.96
544;6;Peel-Off-China-Markers;9.93
651;7;GBC-Imprintable-Covers;10.98
660;7;GBC-Instant-Report-Kit;6.47
700;7;Fellowes-Binding-Cases;11.7
711;7;GBC-Wire-Binding-Combs;8.27
1181;11;Things-To-Do-Today-Pad;5.87
1327;12;Economy-Rollaway-Files;165.2
1477;13;Acme-Softgrip-Scissors;8.14
1607;14;Logitech-Keyboard-K120;14.52
1665;16;Okidata-C331dn-Printer;279.2
1728;17;AT&T-1080-Corded-phone;136.99
1799;17;AT&T-1070-Corded-Phone;89.19
1813;17;Samsung-Galaxy-S4-Mini;469.99
160;3;Stacking-Trays-by-OIC;4.98
218;3;Artistic-Insta-Plaque;15.68
222;3;Ultra-Door-Push-Plate;4.91
318;3;DAX-Solid-Wood-Frames;51.75
352;4;BPI-Conference-Tables;146.05
436;5;3M-Office-Air-Cleaner;25.98
541;6;BIC-Liqua-Brite-Liner;6.94
577;6;Prang-Colored-Pencils;2.94
669;7;Avery-Durable-Binders;2.88
673;7;Surelock-Post-Binders;30.56
703;7;Plastic-Binding-Combs;15.15
817;7;GBC-VeloBinder-Strips;7.68
894;8;Peel-&-Seel-Envelopes;3.88
896;8;Pastel-Pink-Envelopes;7.28
937;9;Alliance-Rubber-Bands;1.68
1332;12;Tennsco-Lockers-Gray;20.98
1352;12;Tennsco-Lockers-Sand;20.98
1606;14;Hypercom-P1300-Pinpad;63
1622;14;V7-USB-Numeric-Keypad;34.99
1654;16;Okidata-MB760-Printer;1119.2
1664;16;Okidata-C610n-Printer;324.5
1683;16;Okidata-C610n-Printer;454.3
1747;17;Digium-D40-VoIP-phone;128.99
1789;17;Samsung-Galaxy-Note-2;367.99
1816;17;Samsung-Galaxy-Note-3;219.99
1848;17;Aastra-57i-VoIP-phone;161.61
191;3;Dana-Swing-Arm-Lamps;10.68
232;3;Document-Clip-Frames;8.34
353;4;KI-Conference-Tables;70.89
382;4;Safco-Drafting-Table;70.98
416;5;Harmony-Air-Purifier;189
561;6;DIXON-Oriole-Pencils;2.58
639;6;Blackstonian-Pencils;2.67
680;7;Angle-D-Ring-Binders;4.38
798;7;Aluminum-Screw-Posts;15.26
954;9;Super-Bands-12-Pack;1.86
1223;11;EcoTones-Memo-Sheets;4
1499;14;Maxell-DVD-RAM-Discs;16.48
1681;16;Okidata-B400-Printer;343.2
1686;16;Okidata-B401-Printer;60
1737;17;Panasonic-KX-TG9471B;195.99
1842;17;Geemarc-AmpliPOWER60;92.8
184;3;Dax-Clear-Box-Frame;8.73
400;5;Holmes-Odor-Grabber;14.42
492;6;Newell-Chalk-Holder;4.13
670;7;Avery-Binder-Labels;3.89
794;7;3M-Organizer-Strips;5.4
876;8;Grip-Seal-Envelopes;3.54
921;9;Binder-Clips-by-OIC;1.48
931;9;Stockwell-Push-Pins;2.18
948;9;Bagged-Rubber-Bands;1.26
1068;11;Petty-Cash-Envelope;26.96
1094;11;Unpadded-Memo-Slips;3.98
1709;17;iOttie-XL-Car-Mount;15.99
1741;17;Motorola-Droid-Maxx;149.99
155;3;OIC-Stacking-Trays;3.34
540;6;Economy-#2-Pencils;2.66
822;7;3-ring-staple-pack;1.88
844;7;GBC-Binding-covers;304.99
853;7;JM-Magazine-Binder;16.51
857;7;Round-Ring-Binders;1.66
907;8;Multimedia-Mailers;162.93
918;9;Advantus-Push-Pins;2.18
1320;12;Akro-Stacking-Bins;7.89
1557;14;Maxell-4.7GB-DVD-R;28.38
1633;15;Canon-PC940-Copier;449.99
1862;17;Panasonic-Kx-TS550;45.99
261;3;Nu-Dell-Oak-Frame;10.68
592;6;4009-Highlighters;1.34
786;7;Acco-3-Hole-Punch;4.38
880;8;Airmail-Envelopes;83.93
902;8;Colored-Envelopes;3.69
936;9;Colored-Push-Pins;1.81
1048;11;Easy-staple-paper;12.28
1056;11;Easy-staple-paper;4.98
1063;11;Easy-staple-paper;35.44
1075;11;Easy-staple-paper;55.98
1111;11;Loose-Memo-Sheets;3.65
1136;11;Easy-staple-paper;10.14
1208;11;Easy-staple-paper;11.34
1225;11;Easy-staple-paper;26.38
1305;11;Easy-staple-paper;4.28
1390;12;Iris-Project-Case;7.98
1480;13;Elite-5-Scissors;8.45
1553;14;Maxell-CD-R-Discs;1.97
1729;17;AT&T-SB67148-SynJ;65.99
1767;17;Samsung-Rugby-III;65.99
1782;17;AT&T-EL51110-DECT;125.99
1786;17;Plantronics-81402;65.99
1811;17;Samsung-Galaxy-S4;625.99
1880;17;AT&T-841000-Phone;69
499;6;Barrel-Sharpener;3.57
915;9;Acco-Glide-Clips;3.92
923;9;OIC-Binder-Clips;3.58
956;9;Rubber-Band-Ball;3.74
1019;10;Staple-on-labels;2.89
1072;11;Array-Memo-Cubes;5.18
1318;12;Letter-Size-File;39.7
1411;12;Letter-Size-Cart;142.86
1710;17;Clearsounds-A400;52.79
1727;17;Samsung-Convoy-3;110.99
1808;17;Adtran-1202752G1;125.99
1868;17;Nokia-Lumia-1020;359.99
278;3;Stackable-Trays;3.08
534;6;American-Pencil;2.33
821;7;Economy-Binders;2.08
836;7;Tuf-Vin-Binders;31.58
865;8;Staple-envelope;11.98
866;8;Staple-envelope;9.78
871;8;Staple-envelope;5.58
877;8;Staple-envelope;7.78
879;8;Staple-envelope;5.68
886;8;Staple-envelope;9.78
895;8;Staple-envelope;11.68
897;8;Staple-envelope;8.28
911;8;Staple-envelope;30.98
925;9;OIC-Thumb-Tacks;1.14
1739;17;Apple-iPhone-5C;99.99
1748;17;Apple-iPhone-5S;569.99
1784;17;Jabra-SPEAK-410;93.99
1803;17;Motorola-Moto-X;271.99
1863;17;Motorola-L703CM;155.99
1865;17;AT&T-1080-Phone;136.99
1871;17;Nokia-Lumia-925;125.99
537;6;Lumber-Crayons;9.85
591;6;Nontoxic-Chalk;1.76
1450;13;Staple-remover;7.98
1455;13;Staple-remover;3.68
1458;13;Staple-remover;2.18
1467;13;Letter-Slitter;2.52
1822;17;Google-Nexus-5;179.99
1824;17;Apple-iPhone-5;649.83
1850;17;BlackBerry-Q10;125.99
414;5;Staple-holder;10.98
429;5;Staple-holder;8.67
472;5;Staple-holder;11.97
1344;12;Crate-A-Files;10.9
1397;12;Staple-magnet;9.38
1409;12;Staple-magnet;10.68
1760;17;Pyle-PMP37LED;95.99
1783;17;Clarity-53712;65.99
1830;17;Motorola-L804;36.79
1854;17;Cisco-SPA508G;65.99
746;7;Binder-Posts;5.74
943;9;Ideal-Clamps;2.01
1719;17;HTC-One-Mini;125.99
1722;17;VTech-DS6151;125.99
1725;17;Vtech-CS6719;95.99
1763;17;AT&T-CL82213;28.99
1804;17;Cisco-SPA301;155.99
1836;17;AT&T-TR1909W;125.99
1723;17;GE-30522EE2;115.99
1876;17;AT&T-CL2909;100.79
1894;17;GE-30524EE4;195.99
484;6;Newell-314;5.58
485;6;Newell-321;3.28
486;6;Newell-336;4.28
487;6;Newell-318;2.78
488;6;Newell-328;5.84
498;6;Newell-345;19.84
500;6;Newell-320;4.28
502;6;Newell-324;11.55
506;6;Newell-307;1.82
507;6;Newell-329;3.28
510;6;Newell-343;2.94
519;6;Newell-349;3.28
520;6;Newell-339;2.78
522;6;Newell-338;2.94
524;6;Newell-317;2.94
525;6;Newell-310;1.76
527;6;Newell-325;4.13
528;6;Newell-330;5.98
529;6;Newell-309;11.55
531;6;Newell-313;3.28
532;6;Newell-326;1.76
533;6;Newell-311;2.21
548;6;Newell-331;4.89
549;6;Newell-319;19.84
551;6;Newell-323;1.68
554;6;Newell-334;19.84
558;6;Newell-346;2.88
562;6;Newell-351;3.28
566;6;Newell-335;2.88
573;6;Newell-322;1.82
578;6;Newell-341;4.28
585;6;Newell-316;4.89
589;6;Newell-332;2.94
594;6;Newell-348;3.28
595;6;Newell-347;4.28
601;6;Newell-350;3.28
605;6;Newell-333;2.78
608;6;Newell-340;2.88
610;6;Newell-327;2.21
612;6;Newell-344;2.78
616;6;Newell-337;2.62
623;6;Newell-312;5.84
627;6;Newell-308;1.68
645;6;Newell-342;3.28
646;6;Newell-315;5.98
1028;11;Xerox-1931;6.48
1034;11;Xerox-1945;40.99
1039;11;Xerox-1925;30.98
1041;11;Xerox-1887;18.97
1044;11;Xerox-2000;6.48
1045;11;Xerox-1975;6.48
1051;11;Xerox-1936;19.98
1052;11;Xerox-1995;6.48
1053;11;Xerox-1901;4.22
1054;11;Xerox-1955;18.27
1055;11;Xerox-1971;4.28
1059;11;Xerox-1888;55.48
1064;11;Xerox-1952;6.48
1070;11;Xerox-1981;5.28
1078;11;Xerox-1929;22.84
1079;11;Xerox-1950;5.78
1083;11;Xerox-1919;40.99
1084;11;Xerox-1924;5.78
1087;11;Xerox-1982;22.84
1088;11;Xerox-1977;6.68
1091;11;Xerox-1934;55.98
1095;11;Xerox-1918;38.76
1097;11;Xerox-1915;104.85
1099;11;Xerox-1884;19.98
1100;11;Xerox-1893;40.99
1101;11;Xerox-1988;30.98
1102;11;Xerox-1913;55.48
1104;11;Xerox-1932;28.35
1105;11;Xerox-1903;5.98
1106;11;Xerox-1972;5.28
1107;11;Xerox-1963;5.28
1108;11;Xerox-1983;5.98
1114;11;Xerox-1946;6.48
1117;11;Xerox-1886;47.9
1118;11;Xerox-1933;12.28
1123;11;Xerox-1914;54.96
1125;11;Xerox-1949;4.98
1130;11;Xerox-1947;5.98
1134;11;Xerox-1922;3.98
1137;11;Xerox-1948;9.99
1138;11;Xerox-1892;38.76
1139;11;Xerox-1880;35.44
1142;11;Xerox-1896;9.99
1144;11;Xerox-1910;48.04
1148;11;Xerox-1885;48.04
1150;11;Xerox-1976;5.18
1152;11;Xerox-1899;5.78
1154;11;Xerox-1891;48.91
1156;11;Xerox-1993;6.48
1158;11;Xerox-1974;5.98
1160;11;Xerox-1902;22.84
1161;11;Xerox-1964;22.84
1162;11;Xerox-1881;55.98
1163;11;Xerox-1908;55.98
1167;11;Xerox-1984;6.48
1169;11;Xerox-1930;6.48
1172;11;Xerox-1889;54.96
1174;11;Xerox-1978;5.78
1176;11;Xerox-1966;6.48
1178;11;Xerox-1897;4.98
1179;11;Xerox-1895;5.98
1182;11;Xerox-1883;26.38
1185;11;Xerox-1944;38.76
1187;11;Xerox-1967;6.48
1188;11;Xerox-1916;48.94
1193;11;Xerox-1890;48.94
1194;11;Xerox-1958;6.48
1195;11;Xerox-1938;38.32
1196;11;Xerox-1951;30.98
1197;11;Xerox-1970;4.98
1198;11;Xerox-1928;5.28
1203;11;Xerox-1956;5.98
1205;11;Xerox-1980;4.28
1207;11;Xerox-1920;5.98
1212;11;Xerox-1942;48.94
1213;11;Xerox-1923;6.68
1214;11;Xerox-1926;4.98
1215;11;Xerox-1973;22.84
1216;11;Xerox-1898;6.68
1217;11;Xerox-1986;6.68
1219;11;Xerox-1992;21.98
1222;11;Xerox-1960;30.98
1227;11;Xerox-1937;48.04
1228;11;Xerox-1996;6.48
1229;11;Xerox-1999;6.48
1231;11;Xerox-1917;48.91
1233;11;Xerox-1954;5.28
1234;11;Xerox-1906;35.44
1236;11;Xerox-1957;6.48
1238;11;Xerox-1941;104.85
1241;11;Xerox-1912;18.97
1242;11;Xerox-1985;5.18
1244;11;Xerox-1979;30.98
1245;11;Xerox-1909;26.38
1246;11;Xerox-1968;6.68
1247;11;Xerox-1935;26.38
1248;11;Xerox-1927;4.28
1251;11;Xerox-1998;5.18
1252;11;Xerox-1969;5.78
1253;11;Xerox-1991;22.84
1256;11;Xerox-1987;5.78
1257;11;Xerox-1997;6.48
1259;11;Xerox-1943;48.91
1260;11;Xerox-1962;4.28
1261;11;Xerox-1989;3.98
1262;11;Xerox-1994;6.48
1264;11;Xerox-1965;5.98
1267;11;Xerox-1882;55.98
1274;11;Xerox-1894;6.48
1276;11;Xerox-1953;4.28
1277;11;Xerox-1939;18.97
1278;11;Xerox-1990;5.28
1280;11;Xerox-1959;6.68
1281;11;Xerox-1911;47.9
1287;11;Xerox-1907;12.28
1290;11;Xerox-1940;54.96
1295;11;Xerox-1900;4.28
1301;11;Xerox-1905;6.48
1307;11;Xerox-1921;7.99
1785;17;Xiaomi-Mi3;569.99
535;6;Newell-34;19.84
584;6;Newell-32;2.88
611;6;Newell-35;3.28
626;6;Newell-31;4.13
644;6;Newell-33;5.58
957;10;Avery-496;3.75
959;10;Avery-511;3.08
962;10;Avery-494;2.61
963;10;Avery-495;6.3
965;10;Avery-503;10.35
966;10;Avery-501;3.69
967;10;Avery-488;3.15
969;10;Avery-509;2.61
970;10;Avery-502;2.52
974;10;Avery-514;2.88
975;10;Avery-473;10.35
976;10;Avery-520;3.15
977;10;Avery-517;3.69
978;10;Avery-477;30.53
979;10;Avery-499;4.98
981;10;Avery-518;3.15
982;10;Avery-513;4.98
983;10;Avery-516;7.31
985;10;Avery-478;4.91
986;10;Avery-489;10.35
987;10;Avery-481;3.08
989;10;Avery-490;14.8
990;10;Avery-479;2.61
991;10;Avery-497;3.08
992;10;Avery-484;2.3
993;10;Avery-519;7.31
994;10;Avery-485;12.53
995;10;Avery-480;3.75
997;10;Avery-500;7.31
998;10;Avery-506;4.13
1000;10;Avery-474;2.88
1001;10;Avery-508;4.91
1003;10;Avery-475;14.8
1005;10;Avery-515;12.53
1006;10;Avery-498;2.89
1007;10;Avery-510;3.75
1008;10;Avery-487;3.69
1012;10;Avery-507;2.88
1014;10;Avery-486;7.31
1015;10;Avery-491;4.13
1016;10;Avery-482;2.89
1017;10;Avery-493;4.91
1018;10;Avery-492;2.88
1020;10;Avery-476;4.13
1021;10;Avery-505;14.8
1025;10;Avery-512;2.89
1026;10;Avery-483;4.98
1029;11;Xerox-224;6.48
1031;11;Xerox-205;6.48
1035;11;Xerox-199;4.28
1038;11;Xerox-191;19.98
1043;11;Xerox-198;4.98
1049;11;Xerox-213;6.48
1050;11;Xerox-229;6.48
1061;11;Xerox-189;104.85
1069;11;Xerox-201;6.48
1073;11;Xerox-200;6.48
1074;11;Xerox-208;6.48
1089;11;Xerox-210;6.48
1093;11;Xerox-206;6.48
1109;11;Xerox-215;6.48
1126;11;Xerox-230;6.48
1128;11;Xerox-232;6.48
1133;11;Xerox-203;6.48
1145;11;Xerox-220;6.48
1146;11;Xerox-193;5.98
1147;11;Xerox-195;6.68
1149;11;Xerox-207;6.48
1153;11;Xerox-202;6.48
1164;11;Xerox-214;6.48
1165;11;Xerox-194;55.48
1168;11;Xerox-225;6.48
1170;11;Xerox-223;6.48
1184;11;Xerox-192;6.48
1209;11;Xerox-227;6.48
1235;11;Xerox-211;6.48
1237;11;Xerox-204;6.48
1240;11;Xerox-226;6.48
1254;11;Xerox-209;6.48
1255;11;Xerox-197;30.98
1263;11;Xerox-218;6.48
1273;11;Xerox-216;6.48
1275;11;Xerox-188;11.34
1279;11;Xerox-219;6.48
1283;11;Xerox-231;6.48
1288;11;Xerox-222;6.48
1294;11;Xerox-221;6.48
1296;11;Xerox-212;6.48
1302;11;Xerox-228;6.48
1303;11;Xerox-217;6.48
1306;11;Xerox-190;4.98
1308;11;Xerox-196;5.78
958;10;Avery-48;6.3
961;10;Avery-52;3.69
999;10;Avery-51;6.3
1022;10;Avery-50;12.53
1023;10;Avery-49;2.88
1030;11;Xerox-20;6.48
1065;11;Xerox-22;6.48
1067;11;Xerox-19;30.98
1157;11;Xerox-21;5.18
1309;11;Xerox-23;6.48
1818;17;LG-Exalt;124.79
924;9;Staples;2.92
929;9;Staples;3.93
933;9;Staples;2.47
939;9;Staples;2.98
940;9;Staples;4.44
941;9;Staples;3.78
944;9;Staples;1.88
946;9;Staples;7.89
949;9;Staples;2.62
950;9;Staples;6.08
1002;10;Avery-5;2.88
1103;11;Xerox-2;28.35
1738;17;HTC-One;79.99
1764;17;LG-G3;195.99
1814;17;LG-G2;299.99
